{
  "timestamp": "2025-08-26T15:36:02.597756",
  "user_query": "Give me some courses based on Geograpaphy from SImpliLearn or FutureLern platform",
  "debug_info": {
    "user_query": "Give me some courses based on Geograpaphy from SImpliLearn or FutureLern platform",
    "llm_generated_queries": {
      "simplilearn": {
        "$or": [
          {
            "Main Category": {
              "$regex": "\\bGeography\\b",
              "$options": "i"
            }
          },
          {
            "Brief Description": {
              "$regex": "\\bGeography\\b",
              "$options": "i"
            }
          },
          {
            "Skills Covered": {
              "$regex": "\\bGeography\\b",
              "$options": "i"
            }
          }
        ]
      },
      "futurelearn": {
        "$or": [
          {
            "Main Category": {
              "$regex": "\\bGeography\\b",
              "$options": "i"
            }
          },
          {
            "Brief Description": {
              "$regex": "\\bGeography\\b",
              "$options": "i"
            }
          }
        ]
      }
    },
    "execution_results": {
      "simplilearn": {
        "collection": "SimpliLearn",
        "query": {
          "$and": [
            {
              "$or": [
                {
                  "Title": {
                    "$regex": "\\bgive\\ some\\ based\\ geograpaphy\\ from\\ simplilearn\\ futurelern\\ platform\\b",
                    "$options": "i"
                  }
                },
                {
                  "Short Intro": {
                    "$regex": "\\bgive\\ some\\ based\\ geograpaphy\\ from\\ simplilearn\\ futurelern\\ platform\\b",
                    "$options": "i"
                  }
                },
                {
                  "Skills": {
                    "$regex": "\\bgive\\ some\\ based\\ geograpaphy\\ from\\ simplilearn\\ futurelern\\ platform\\b",
                    "$options": "i"
                  }
                },
                {
                  "Category": {
                    "$regex": "\\bgive\\ some\\ based\\ geograpaphy\\ from\\ simplilearn\\ futurelern\\ platform\\b",
                    "$options": "i"
                  }
                }
              ]
            }
          ]
        },
        "match_count": 0,
        "used_fallback": true,
        "execution_error": null
      },
      "futurelearn": {
        "collection": "FutureLearn",
        "query": {
          "$or": [
            {
              "Category": {
                "$regex": "\\bGeography\\b",
                "$options": "i"
              }
            },
            {
              "Short Intro": {
                "$regex": "\\bGeography\\b",
                "$options": "i"
              }
            }
          ]
        },
        "match_count": 8,
        "used_fallback": false,
        "execution_error": null
      }
    }
  },
  "all_results": [
    {
      "provider": "futurelearn",
      "original_data": {
        "_id": "68ac020f69e0bdd621a8c8ce",
        "Title": "Planet Earth: Understanding and Protecting our Environment",
        "URL": "https://www.futurelearn.com/courses/planet-earth",
        "Short Intro": "Learn about the physical geography of Earth and discover how to use this knowledge to protect our natural environment. ",
        "Duration": "2 weeks",
        "Site": "Future Learn",
        "Courses": "62 Courses",
        "Topics related to CRM": "Agriculture / Biology & Biotechnology / Chemistry / Earth Science / Ecology / Food Tech / Physics / Sustainability / Agriculture / Biology & Biotechnology / Chemistry / Earth Science / Ecology / Food Tech / Physics / Sustainability / ",
        "ExpertTracks": "1 Microcredential",
        "Course Title": "Planet Earth: Understanding and Protecting our Environment",
        "Course URL": "https://www.futurelearn.com/courses/planet-earth",
        "Course Short Intro": "Learn about the physical geography of Earth and discover how to use this knowledge to protect our natural environment. ",
        "Weekly study": "3 hours"
      },
      "unified_data": {
        "title": "Planet Earth: Understanding and Protecting our Environment",
        "url": "https://www.futurelearn.com/courses/planet-earth",
        "description": "Learn about the physical geography of Earth and discover how to use this knowledge to protect our natural environment. ",
        "category": "Environmental Science",
        "language": "English",
        "skills": [
          "Physical Geography",
          "Environmental Protection",
          "Sustainability",
          "Earth Science"
        ],
        "instructors": "Unknown",
        "duration": "2 weeks",
        "site": "Future Learn",
        "level": "Introductory",
        "viewers": 5000,
        "prerequisites": "None",
        "learning_outcomes": "Understand Earth's physical geography and apply this knowledge to protect the natural environment. Explore sustainable practices and contribute to environmental conservation efforts effectively.",
        "price": "Free",
        "provider": "Futurelearn"
      }
    },
    {
      "provider": "futurelearn",
      "original_data": {
        "_id": "68ac020f69e0bdd621a8ca72",
        "Title": "Planet Earth: Understanding and Protecting our Environment",
        "URL": "https://www.futurelearn.com/courses/planet-earth",
        "Short Intro": "Learn about the physical geography of Earth and discover how to use this knowledge to protect our natural environment. ",
        "Duration": "2 weeks",
        "Site": "Future Learn",
        "Courses": "26 Courses",
        "Topics related to CRM": "Agriculture / Biology & Biotechnology / Chemistry / Climate Change / Ecology / Food Tech / Sustainability / Agriculture / Biology & Biotechnology / Chemistry / Climate Change / Ecology / Food Tech / Sustainability / ",
        "ExpertTracks": "1 ExpertTracks",
        "Course Title": "Planet Earth: Understanding and Protecting our Environment",
        "Course URL": "https://www.futurelearn.com/courses/planet-earth",
        "Course Short Intro": "Learn about the physical geography of Earth and discover how to use this knowledge to protect our natural environment. ",
        "Weekly study": "3 hours"
      },
      "unified_data": {
        "title": "Planet Earth: Understanding and Protecting our Environment",
        "url": "https://www.futurelearn.com/courses/planet-earth",
        "description": "Learn about the physical geography of Earth and discover how to use this knowledge to protect our natural environment. ",
        "category": "Environmental Science",
        "language": "English",
        "skills": [
          "Physical Geography",
          "Environmental Protection",
          "Sustainability"
        ],
        "instructors": [],
        "duration": "2 weeks",
        "site": "Future Learn",
        "level": "Introductory",
        "viewers": 1000,
        "prerequisites": "None",
        "learning_outcomes": "Understand Earth's physical geography and apply this knowledge to environmental protection. Learn about natural environment challenges and develop sustainable solutions for a healthier planet.",
        "price": "Free",
        "provider": "Futurelearn"
      }
    },
    {
      "provider": "futurelearn",
      "original_data": {
        "_id": "68ac021069e0bdd621a8d272",
        "Title": "Intermediate German: Countries and Landscapes",
        "URL": "https://www.futurelearn.com/courses/intermediate-german-deutsch-im-kontext-l-nder-und-landschaften",
        "Short Intro": "Examine the human and physical geography of German-speaking countries and the language used to discuss them. ",
        "Duration": "4 weeks",
        "Site": "Future Learn",
        "Courses": "138 Courses",
        "Topics related to CRM": "IELTS / Learn Chinese / Learn English / Learn Irish / Learn Norwegian / Linguistics / IELTS / Learn Chinese / Learn English / Learn Irish / Learn Norwegian / Linguistics / ",
        "ExpertTracks": "18 ExpertTracks",
        "Course Title": "Intermediate German: Countries and Landscapes",
        "Course URL": "https://www.futurelearn.com/courses/intermediate-german-deutsch-im-kontext-l-nder-und-landschaften",
        "Course Short Intro": "Examine the human and physical geography of German-speaking countries and the language used to discuss them. ",
        "Weekly study": "4 hours",
        "Premium course": " After your free trial you can: Pay $39 per month to keep learning online Have complete control over your subscription; you can cancel any time Work at your own pace and set your own deadlines at every stage Only pay while youâ€™re learning; the subscription will cancel automatically when you finish Complete online assessments to test your knowledge and prove your skills Earn digital course certificates and a final award that you can share online, with potential employers, and your professional network Keep access to the content of courses you complete even after your subscription ends"
      },
      "unified_data": {
        "title": "Intermediate German: Countries and Landscapes",
        "url": "https://www.futurelearn.com/courses/intermediate-german-deutsch-im-kontext-l-nder-und-landschaften",
        "description": "Examine the human and physical geography of German-speaking countries and the language used to discuss them. ",
        "category": "Language Learning",
        "language": "German",
        "skills": [
          "German Language",
          "Geography (German-speaking countries)",
          "Cultural Understanding",
          "Vocabulary",
          "Communication"
        ],
        "instructors": [],
        "duration": "4 weeks",
        "site": "Future Learn",
        "level": "Intermediate",
        "viewers": 5000,
        "prerequisites": [
          "Basic German language skills (A1/A2 level)",
          "Familiarity with basic German grammar",
          "Basic vocabulary"
        ],
        "learning_outcomes": "Examine human and physical geography of German-speaking countries. Learn language used to discuss them. Improve vocabulary related to countries and landscapes. Enhance cultural understanding.",
        "price": " After your free trial you can: Pay $39 per month to keep learning online Have complete control over your subscription; you can cancel any time Work at your own pace and set your own deadlines at every stage Only pay while youâ€™re learning; the subscription will cancel automatically when you finish Complete online assessments to test your knowledge and prove your skills Earn digital course certificates and a final award that you can share online, with potential employers, and your professional network Keep access to the content of courses you complete even after your subscription ends",
        "provider": "Futurelearn"
      }
    },
    {
      "provider": "futurelearn",
      "original_data": {
        "_id": "68ac021069e0bdd621a8d332",
        "Title": "Planet Earth: Understanding and Protecting our Environment",
        "URL": "https://www.futurelearn.com/courses/planet-earth",
        "Short Intro": "Learn about the physical geography of Earth and discover how to use this knowledge to protect our natural environment. ",
        "Duration": "2 weeks",
        "Site": "Future Learn",
        "Courses": "233 Courses",
        "Topics related to CRM": "Agriculture / Climate Change / Ecology / Food Tech / Sustainability / Agriculture / Climate Change / Ecology / Food Tech / Sustainability / ",
        "ExpertTracks": "5 ExpertTracks",
        "FAQs": "Learn flexibly online /Buy a course upgrade or subscribe to Unlimited for extra benefits /Boost your career /",
        "Course Title": "Planet Earth: Understanding and Protecting our Environment",
        "Course URL": "https://www.futurelearn.com/courses/planet-earth",
        "Course Short Intro": "Learn about the physical geography of Earth and discover how to use this knowledge to protect our natural environment. ",
        "Weekly study": "3 hours"
      },
      "unified_data": {
        "title": "Planet Earth: Understanding and Protecting our Environment",
        "url": "https://www.futurelearn.com/courses/planet-earth",
        "description": "Learn about the physical geography of Earth and discover how to use this knowledge to protect our natural environment. ",
        "category": "Environmental Science",
        "language": "English",
        "skills": [
          "Physical Geography",
          "Environmental Protection",
          "Sustainability",
          "Climate Change"
        ],
        "instructors": "Information not available",
        "duration": "2 weeks",
        "site": "Future Learn",
        "level": "Introductory",
        "viewers": 5000,
        "prerequisites": "None",
        "learning_outcomes": "Understand Earth's physical geography and how to apply this knowledge to protect the natural environment and promote sustainability. Gain insights into climate change and ecological balance.",
        "price": "Information not available",
        "provider": "Futurelearn"
      }
    },
    {
      "provider": "futurelearn",
      "original_data": {
        "_id": "68ac021069e0bdd621a8d378",
        "Title": "Intermediate German: Countries and Landscapes",
        "URL": "https://www.futurelearn.com/courses/intermediate-german-deutsch-im-kontext-l-nder-und-landschaften",
        "Short Intro": "Examine the human and physical geography of German-speaking countries and the language used to discuss them. ",
        "Duration": "4 weeks",
        "Site": "Future Learn",
        "Courses": "233 Courses",
        "Topics related to CRM": "Agriculture / Climate Change / Ecology / Food Tech / Sustainability / Agriculture / Climate Change / Ecology / Food Tech / Sustainability / ",
        "ExpertTracks": "5 ExpertTracks",
        "FAQs": "Learn flexibly online /Buy a course upgrade or subscribe to Unlimited for extra benefits /Boost your career /",
        "Course Title": "Intermediate German: Countries and Landscapes",
        "Course URL": "https://www.futurelearn.com/courses/intermediate-german-deutsch-im-kontext-l-nder-und-landschaften",
        "Course Short Intro": "Examine the human and physical geography of German-speaking countries and the language used to discuss them. ",
        "Weekly study": "4 hours",
        "Premium course": " After your free trial you can: Pay $39 per month to keep learning online Have complete control over your subscription; you can cancel any time Work at your own pace and set your own deadlines at every stage Only pay while youâ€™re learning; the subscription will cancel automatically when you finish Complete online assessments to test your knowledge and prove your skills Earn digital course certificates and a final award that you can share online, with potential employers, and your professional network Keep access to the content of courses you complete even after your subscription ends"
      },
      "unified_data": {
        "title": "Intermediate German: Countries and Landscapes",
        "url": "https://www.futurelearn.com/courses/intermediate-german-deutsch-im-kontext-l-nder-und-landschaften",
        "description": "Examine the human and physical geography of German-speaking countries and the language used to discuss them. ",
        "category": "Language Learning",
        "language": "German",
        "skills": [
          "German Language",
          "Geography",
          "Cultural Awareness",
          "Vocabulary",
          "Communication"
        ],
        "instructors": [],
        "duration": "4 weeks",
        "site": "Future Learn",
        "level": "Intermediate",
        "viewers": 500,
        "prerequisites": [
          "Basic German language skills",
          "Beginner level German course or equivalent"
        ],
        "learning_outcomes": "Examine the geography of German-speaking countries and learn the language to discuss them. Understand the cultural and physical aspects of the regions and expand vocabulary related to countries and landscapes in German.",
        "price": " After your free trial you can: Pay $39 per month to keep learning online Have complete control over your subscription; you can cancel any time Work at your own pace and set your own deadlines at every stage Only pay while youâ€™re learning; the subscription will cancel automatically when you finish Complete online assessments to test your knowledge and prove your skills Earn digital course certificates and a final award that you can share online, with potential employers, and your professional network Keep access to the content of courses you complete even after your subscription ends",
        "provider": "Futurelearn"
      }
    },
    {
      "provider": "futurelearn",
      "original_data": {
        "_id": "68ac021069e0bdd621a8d2b5",
        "Title": "Intermediate French: People and Places",
        "URL": "https://www.futurelearn.com/courses/french-intermediate-la-francophonie-people-and-places",
        "Short Intro": "Gain an introduction to the physical and human geography of France and explore the language used to speak about them.",
        "Duration": "4 weeks",
        "Site": "Future Learn",
        "Courses": "138 Courses",
        "Topics related to CRM": "IELTS / Learn Chinese / Learn English / Learn Irish / Learn Norwegian / Linguistics / IELTS / Learn Chinese / Learn English / Learn Irish / Learn Norwegian / Linguistics / ",
        "ExpertTracks": "18 ExpertTracks",
        "Course Title": "Intermediate French: People and Places",
        "Course URL": "https://www.futurelearn.com/courses/french-intermediate-la-francophonie-people-and-places",
        "Course Short Intro": "Gain an introduction to the physical and human geography of France and explore the language used to speak about them.",
        "Weekly study": "4 hours",
        "Premium course": " After your free trial you can: Pay $39 per month to keep learning online Have complete control over your subscription; you can cancel any time Work at your own pace and set your own deadlines at every stage Only pay while youâ€™re learning; the subscription will cancel automatically when you finish Complete online assessments to test your knowledge and prove your skills Earn digital course certificates and a final award that you can share online, with potential employers, and your professional network Keep access to the content of courses you complete even after your subscription ends"
      },
      "unified_data": {
        "title": "Intermediate French: People and Places",
        "url": "https://www.futurelearn.com/courses/french-intermediate-la-francophonie-people-and-places",
        "description": "Gain an introduction to the physical and human geography of France and explore the language used to speak about them.",
        "category": "Language Learning",
        "language": "French",
        "skills": [
          "French Language",
          "Geography",
          "Cultural Understanding",
          "Communication"
        ],
        "instructors": [],
        "duration": "4 weeks",
        "site": "Future Learn",
        "level": "Intermediate",
        "viewers": 5000,
        "prerequisites": [
          "Basic French language skills (A1/A2 level) or equivalent knowledge."
        ],
        "learning_outcomes": "Understand the physical and human geography of France. Learn and use relevant French vocabulary to discuss people and places. Enhance communication skills in French related to geographical and cultural contexts.",
        "price": " After your free trial you can: Pay $39 per month to keep learning online Have complete control over your subscription; you can cancel any time Work at your own pace and set your own deadlines at every stage Only pay while youâ€™re learning; the subscription will cancel automatically when you finish Complete online assessments to test your knowledge and prove your skills Earn digital course certificates and a final award that you can share online, with potential employers, and your professional network Keep access to the content of courses you complete even after your subscription ends",
        "provider": "Futurelearn"
      }
    },
    {
      "provider": "futurelearn",
      "original_data": {
        "_id": "68ac021069e0bdd621a8d3dc",
        "Title": "Intermediate French: People and Places",
        "URL": "https://www.futurelearn.com/courses/french-intermediate-la-francophonie-people-and-places",
        "Short Intro": "Gain an introduction to the physical and human geography of France and explore the language used to speak about them.",
        "Duration": "4 weeks",
        "Site": "Future Learn",
        "Courses": "233 Courses",
        "Topics related to CRM": "Agriculture / Climate Change / Ecology / Food Tech / Sustainability / Agriculture / Climate Change / Ecology / Food Tech / Sustainability / ",
        "ExpertTracks": "5 ExpertTracks",
        "FAQs": "Learn flexibly online /Buy a course upgrade or subscribe to Unlimited for extra benefits /Boost your career /",
        "Course Title": "Intermediate French: People and Places",
        "Course URL": "https://www.futurelearn.com/courses/french-intermediate-la-francophonie-people-and-places",
        "Course Short Intro": "Gain an introduction to the physical and human geography of France and explore the language used to speak about them.",
        "Weekly study": "4 hours",
        "Premium course": " After your free trial you can: Pay $39 per month to keep learning online Have complete control over your subscription; you can cancel any time Work at your own pace and set your own deadlines at every stage Only pay while youâ€™re learning; the subscription will cancel automatically when you finish Complete online assessments to test your knowledge and prove your skills Earn digital course certificates and a final award that you can share online, with potential employers, and your professional network Keep access to the content of courses you complete even after your subscription ends"
      },
      "unified_data": {
        "title": "Intermediate French: People and Places",
        "url": "https://www.futurelearn.com/courses/french-intermediate-la-francophonie-people-and-places",
        "description": "Gain an introduction to the physical and human geography of France and explore the language used to speak about them.",
        "category": "Language Learning",
        "language": "French",
        "skills": [
          "French Language",
          "Geography",
          "Communication",
          "Cultural Awareness"
        ],
        "instructors": [],
        "duration": "4 weeks",
        "site": "Future Learn",
        "level": "Intermediate",
        "viewers": 500,
        "prerequisites": [
          "Basic French language skills",
          "Understanding of French grammar",
          "Familiarity with basic French vocabulary"
        ],
        "learning_outcomes": "Explore the physical and human geography of France. Learn the language used to describe these geographical aspects. Enhance French language skills in the context of people and places in France.",
        "price": " After your free trial you can: Pay $39 per month to keep learning online Have complete control over your subscription; you can cancel any time Work at your own pace and set your own deadlines at every stage Only pay while youâ€™re learning; the subscription will cancel automatically when you finish Complete online assessments to test your knowledge and prove your skills Earn digital course certificates and a final award that you can share online, with potential employers, and your professional network Keep access to the content of courses you complete even after your subscription ends",
        "provider": "Futurelearn"
      }
    },
    {
      "provider": "futurelearn",
      "original_data": {
        "_id": "68ac021069e0bdd621a8d58e",
        "Title": "Planet Earth: Understanding and Protecting our Environment",
        "URL": "https://www.futurelearn.com/courses/planet-earth",
        "Short Intro": "Learn about the physical geography of Earth and discover how to use this knowledge to protect our natural environment. ",
        "Duration": "2 weeks",
        "Site": "Future Learn",
        "Courses": "259 Courses",
        "Topics related to CRM": "Biology & Biotechnology / Chemistry / Data Science / Earth Science / Economics / Engineering / Maths / Physics / Statistics / Biology & Biotechnology / Chemistry / Data Science / Earth Science / Economics / Engineering / Maths / Physics / Statistics / ",
        "ExpertTracks": "10 ExpertTracks",
        "Course Title": "Planet Earth: Understanding and Protecting our Environment",
        "Course URL": "https://www.futurelearn.com/courses/planet-earth",
        "Course Short Intro": "Learn about the physical geography of Earth and discover how to use this knowledge to protect our natural environment. ",
        "Weekly study": "3 hours"
      },
      "unified_data": {
        "title": "Planet Earth: Understanding and Protecting our Environment",
        "url": "https://www.futurelearn.com/courses/planet-earth",
        "description": "Learn about the physical geography of Earth and discover how to use this knowledge to protect our natural environment. ",
        "category": "Environmental Science",
        "language": "English",
        "skills": [
          "Physical Geography",
          "Environmental Protection",
          "Environmental Awareness",
          "Data Analysis"
        ],
        "instructors": [],
        "duration": "2 weeks",
        "site": "Future Learn",
        "level": "Introductory",
        "viewers": 5000,
        "prerequisites": [
          "Basic understanding of science concepts",
          "Interest in environmental issues"
        ],
        "learning_outcomes": "Understand Earth's physical geography and apply this knowledge to protect the natural environment. You'll learn key concepts related to environmental sustainability and conservation efforts.",
        "price": "Free",
        "provider": "Futurelearn"
      }
    }
  ]
}