{
  "user_query": "Give me some courses based on Geograpaphy from SImpliLearn or FutureLern platform",
  "generated_queries": {
    "simplilearn": {
      "$or": [
        {
          "Main Category": {
            "$regex": "\\bGeography\\b",
            "$options": "i"
          }
        },
        {
          "Brief Description": {
            "$regex": "\\bGeography\\b",
            "$options": "i"
          }
        },
        {
          "Skills Covered": {
            "$regex": "\\bGeography\\b",
            "$options": "i"
          }
        }
      ]
    },
    "futurelearn": {
      "$or": [
        {
          "Main Category": {
            "$regex": "\\bGeography\\b",
            "$options": "i"
          }
        },
        {
          "Brief Description": {
            "$regex": "\\bGeography\\b",
            "$options": "i"
          }
        }
      ]
    }
  },
  "timestamp": "2025-08-26T15:36:02.588012"
}