{
  "timestamp": "2025-08-26T22:34:29.642435",
  "user_query": "Show some course in MATLAB",
  "debug_info": {
    "user_query": "Show some course in MATLAB",
    "llm_generated_queries": {
      "coursera": {
        "$or": [
          {
            "Skills Covered": {
              "$regex": "\\bMATLAB\\b",
              "$options": "i"
            }
          },
          {
            "Course Title": {
              "$regex": "\\bMATLAB\\b",
              "$options": "i"
            }
          },
          {
            "Brief Description": {
              "$regex": "\\bMATLAB\\b",
              "$options": "i"
            }
          }
        ]
      },
      "udacity": {
        "$or": [
          {
            "Skills Covered": {
              "$regex": "\\bMATLAB\\b",
              "$options": "i"
            }
          },
          {
            "Course Title": {
              "$regex": "\\bMATLAB\\b",
              "$options": "i"
            }
          },
          {
            "Brief Description": {
              "$regex": "\\bMATLAB\\b",
              "$options": "i"
            }
          }
        ]
      },
      "futurelearn": {
        "$or": [
          {
            "Course Title": {
              "$regex": "\\bMATLAB\\b",
              "$options": "i"
            }
          },
          {
            "Brief Description": {
              "$regex": "\\bMATLAB\\b",
              "$options": "i"
            }
          }
        ]
      },
      "simplilearn": {
        "$or": [
          {
            "Skills Covered": {
              "$regex": "\\bMATLAB\\b",
              "$options": "i"
            }
          },
          {
            "Course Title": {
              "$regex": "\\bMATLAB\\b",
              "$options": "i"
            }
          },
          {
            "Brief Description": {
              "$regex": "\\bMATLAB\\b",
              "$options": "i"
            }
          }
        ]
      }
    },
    "execution_results": {
      "coursera": {
        "collection": "Coursera",
        "query": {
          "$or": [
            {
              "Skills": {
                "$regex": "\\bMATLAB\\b",
                "$options": "i"
              }
            },
            {
              "Title": {
                "$regex": "\\bMATLAB\\b",
                "$options": "i"
              }
            },
            {
              "Short Intro": {
                "$regex": "\\bMATLAB\\b",
                "$options": "i"
              }
            }
          ]
        },
        "match_count": 18,
        "used_fallback": false,
        "execution_error": null
      },
      "udacity": {
        "collection": "Udacity",
        "query": {
          "$and": [
            {
              "$or": [
                {
                  "Title": {
                    "$regex": "\\bshow\\ some\\ matlab\\b",
                    "$options": "i"
                  }
                },
                {
                  "Short Intro": {
                    "$regex": "\\bshow\\ some\\ matlab\\b",
                    "$options": "i"
                  }
                },
                {
                  "What you learn": {
                    "$regex": "\\bshow\\ some\\ matlab\\b",
                    "$options": "i"
                  }
                },
                {
                  "Category": {
                    "$regex": "\\bshow\\ some\\ matlab\\b",
                    "$options": "i"
                  }
                }
              ]
            }
          ]
        },
        "match_count": 0,
        "used_fallback": true,
        "execution_error": null
      },
      "futurelearn": {
        "collection": "FutureLearn",
        "query": {
          "$and": [
            {
              "$or": [
                {
                  "Title": {
                    "$regex": "\\bshow\\ some\\ matlab\\b",
                    "$options": "i"
                  }
                },
                {
                  "Short Intro": {
                    "$regex": "\\bshow\\ some\\ matlab\\b",
                    "$options": "i"
                  }
                },
                {
                  "Category": {
                    "$regex": "\\bshow\\ some\\ matlab\\b",
                    "$options": "i"
                  }
                },
                {
                  "Sub-Category": {
                    "$regex": "\\bshow\\ some\\ matlab\\b",
                    "$options": "i"
                  }
                }
              ]
            }
          ]
        },
        "match_count": 0,
        "used_fallback": true,
        "execution_error": null
      },
      "simplilearn": {
        "collection": "SimpliLearn",
        "query": {
          "$and": [
            {
              "$or": [
                {
                  "Title": {
                    "$regex": "\\bshow\\ some\\ matlab\\b",
                    "$options": "i"
                  }
                },
                {
                  "Short Intro": {
                    "$regex": "\\bshow\\ some\\ matlab\\b",
                    "$options": "i"
                  }
                },
                {
                  "Skills": {
                    "$regex": "\\bshow\\ some\\ matlab\\b",
                    "$options": "i"
                  }
                },
                {
                  "Category": {
                    "$regex": "\\bshow\\ some\\ matlab\\b",
                    "$options": "i"
                  }
                }
              ]
            }
          ]
        },
        "match_count": 0,
        "used_fallback": true,
        "execution_error": null
      }
    }
  },
  "all_results": [
    {
      "provider": "coursera",
      "original_data": {
        "_id": "68aa13e9b82e4c21254660b5",
        "Title": "Robotics Specialization",
        "URL": "https://www.coursera.org/specializations/robotics",
        "Short Intro": "Learn the Building Blocks for a Career in Robotics. Gain experience programming robots to perform in situations and for use in crisis management",
        "Category": "Physical Science and Engineering",
        "Sub-Category": "Electrical Engineering",
        "Course Type": "Specialization",
        "Language": "English",
        "Subtitle Languages": "Subtitles: English, Arabic, French, Portuguese (European), Italian, Vietnamese, German, Russian, Spanish, Chinese (Simplified)",
        "Skills": "Motion Planning, Particle Filter, Matlab, Robotics, Quadcoper, Automated Planning And Scheduling, A* Search Algorithm, Serial Line Internet Protocol (SLIP), Robot, Computer Vision, Estimation, Random Sample Consensus (Ransac), ",
        "Instructors": "Vijay Kumar ,CJ Taylor ,Daniel E. Koditschek ,Kostas Daniilidis ,Jianbo Shi ,Daniel Lee ,Sid Deliwala ,",
        "Rating": "4.3stars",
        "Number of viewers": "2,981",
        "Duration": "Approximately 7 months to complete",
        "Site": "Coursera"
      },
      "unified_data": {
        "title": "Robotics Specialization",
        "url": "https://www.coursera.org/specializations/robotics",
        "description": "Learn the Building Blocks for a Career in Robotics. Gain experience programming robots to perform in situations and for use in crisis management",
        "category": "Physical Science and Engineering",
        "language": "English",
        "skills": [
          "Motion Planning",
          "Particle Filter",
          "Matlab",
          "Robotics",
          "Quadcoper",
          "Automated Planning And Scheduling",
          "A* Search Algorithm",
          "Serial Line Internet Protocol (SLIP)",
          "Robot",
          "Computer Vision",
          "Estimation",
          "Random Sample Consensus (Ransac)"
        ],
        "instructors": [
          "Vijay Kumar",
          "CJ Taylor",
          "Daniel E. Koditschek",
          "Kostas Daniilidis",
          "Jianbo Shi",
          "Daniel Lee",
          "Sid Deliwala"
        ],
        "duration": "Approximately 7 months to complete",
        "site": "Coursera",
        "level": "Specialization",
        "viewers": 2981,
        "prerequisites": "Basic programming knowledge (e.g., Python), linear algebra, calculus, and introductory physics.",
        "learning_outcomes": "Gain experience in programming robots for various scenarios, including crisis management. Learn fundamental robotics concepts and building blocks for a career in the field.",
        "price": "Coursera subscription required (prices vary).",
        "provider": "Coursera"
      }
    },
    {
      "provider": "coursera",
      "original_data": {
        "_id": "68aa13e9b82e4c2125466053",
        "Title": "MATLAB Programming for Engineers and Scientists Specialization",
        "URL": "https://www.coursera.org/specializations/matlab-programming-engineers-scientists",
        "Short Intro": "From Zero to MATLAB Hero in Three Courses.. Gain a solid foundation in computer programming and become a MATLAB expert.",
        "Category": "Computer Science",
        "Sub-Category": "Software Development",
        "Course Type": "Specialization",
        "Language": "English",
        "Subtitle Languages": "Subtitles: English, Arabic, French, Portuguese (European), Greek, Italian, Vietnamese, Korean, German, Russian, Spanish",
        "Skills": "Matlab, Data Analysis, Object-Oriented Programming (OOP), Image Processing, Computer Programming, Problem Solving, Programming Language, ",
        "Instructors": "Akos Ledeczi ,Mike Fitzpatrick ,Jack Noble ,",
        "Rating": "4.8stars",
        "Number of viewers": "4,284",
        "Duration": "Approximately 6 months to complete",
        "Site": "Coursera"
      },
      "unified_data": {
        "title": "MATLAB Programming for Engineers and Scientists Specialization",
        "url": "https://www.coursera.org/specializations/matlab-programming-engineers-scientists",
        "description": "From Zero to MATLAB Hero in Three Courses.. Gain a solid foundation in computer programming and become a MATLAB expert.",
        "category": "Computer Science",
        "language": "English",
        "skills": [
          "Matlab",
          "Data Analysis",
          "Object-Oriented Programming (OOP)",
          "Image Processing",
          "Computer Programming",
          "Problem Solving",
          "Programming Language"
        ],
        "instructors": [
          "Akos Ledeczi",
          "Mike Fitzpatrick",
          "Jack Noble"
        ],
        "duration": "Approximately 6 months to complete",
        "site": "Coursera",
        "level": "Specialization",
        "viewers": 4284,
        "prerequisites": "High school mathematics is recommended. No prior programming experience required.",
        "learning_outcomes": "Gain a foundation in computer programming and become proficient in MATLAB for solving engineering and scientific problems. Develop skills in data analysis and problem-solving.",
        "price": "Coursera Plus subscription required or individual course purchase.",
        "provider": "Coursera"
      }
    },
    {
      "provider": "coursera",
      "original_data": {
        "_id": "68aa13e9b82e4c2125466141",
        "Title": "Image Processing for Engineering and Science Specialization",
        "URL": "https://www.coursera.org/specializations/image-processing",
        "Short Intro": "Quickly gain skills in Image Processing. Learn the essential skills to automatically extract information from images.",
        "Category": "Physical Science and Engineering",
        "Sub-Category": "Electrical Engineering",
        "Course Type": "Specialization",
        "Language": "English",
        "Subtitle Languages": "Subtitles: English",
        "Skills": "Image Segmentation, Matlab, Object Detection, Image Processing, video processing, region analysis, image filtering, ",
        "Instructors": "Amanda  Wang ,Matt Rich ,Brandon Armstrong ,Megan Thompson ,Isaac Bruss ,Sam Jones ,",
        "Rating": "4.8stars",
        "Number of viewers": "73",
        "Duration": "Approximately 3 months to complete",
        "Site": "Coursera"
      },
      "unified_data": {
        "title": "Image Processing for Engineering and Science Specialization",
        "url": "https://www.coursera.org/specializations/image-processing",
        "description": "Quickly gain skills in Image Processing. Learn the essential skills to automatically extract information from images.",
        "category": "Physical Science and Engineering",
        "language": "English",
        "skills": [
          "Image Segmentation",
          "Matlab",
          "Object Detection",
          "Image Processing",
          "video processing",
          "region analysis",
          "image filtering"
        ],
        "instructors": [
          "Amanda  Wang",
          "Matt Rich",
          "Brandon Armstrong",
          "Megan Thompson",
          "Isaac Bruss",
          "Sam Jones"
        ],
        "duration": "Approximately 3 months to complete",
        "site": "Coursera",
        "level": "Specialization",
        "viewers": 73,
        "prerequisites": "Basic understanding of calculus, linear algebra, and programming fundamentals (e.g., Python or MATLAB).",
        "learning_outcomes": "Gain skills to automatically extract information from images. Learn image segmentation, object detection, and image filtering for engineering and scientific applications. Master techniques for video processing and region analysis.",
        "price": "Coursera offers a free trial, after which a subscription fee applies. Check Coursera for current pricing details.",
        "provider": "Coursera"
      }
    },
    {
      "provider": "coursera",
      "original_data": {
        "_id": "68aa13e9b82e4c2125466136",
        "Title": "Systems Biology and Biotechnology Specialization",
        "URL": "https://www.coursera.org/specializations/systems-biology",
        "Short Intro": "Expertise for Professionals and Students in Biotechnology and Biomedical Data Sciences. Learn Methodologies in Systems Biology Including: Bioinformatics, Dynamical Modeling, Genomics, Network and Statistical Modeling, Proteomics, Omics Technologies Single Cell Research Technologies",
        "Category": "Health",
        "Sub-Category": "Biology",
        "Course Type": "Specialization",
        "Language": "English",
        "Subtitle Languages": "Subtitles: English, Arabic, French, Portuguese (European), Serbian, Chinese (Simplified), Italian, Vietnamese, German, Russian, Spanish",
        "Skills": "Biology, Molecular Biology, Dynamical Systems, Matlab, ",
        "Instructors": "Ravi Iyengar, PhD ,Marc Birtwistle, PhD ,Avi Ma’ayan, PhD ,Eric Sobie, PhD ,Susana Neves, PhD ,",
        "Rating": "4.4stars",
        "Number of viewers": "693",
        "Duration": "Approximately 10 months to complete",
        "Site": "Coursera"
      },
      "unified_data": {
        "title": "Systems Biology and Biotechnology Specialization",
        "url": "https://www.coursera.org/specializations/systems-biology",
        "description": "Expertise for Professionals and Students in Biotechnology and Biomedical Data Sciences. Learn Methodologies in Systems Biology Including: Bioinformatics, Dynamical Modeling, Genomics, Network and Statistical Modeling, Proteomics, Omics Technologies Single Cell Research Technologies",
        "category": "Health",
        "language": "English",
        "skills": [
          "Biology",
          "Molecular Biology",
          "Dynamical Systems",
          "Matlab"
        ],
        "instructors": [
          "Ravi Iyengar",
          "PhD",
          "Marc Birtwistle",
          "PhD",
          "Avi Ma’ayan",
          "PhD",
          "Eric Sobie",
          "PhD",
          "Susana Neves",
          "PhD"
        ],
        "duration": "Approximately 10 months to complete",
        "site": "Coursera",
        "level": "Specialization",
        "viewers": 693,
        "prerequisites": "Bachelor's degree in Biology, Biotechnology, or related field. Basic understanding of molecular biology and mathematics is recommended.",
        "learning_outcomes": "Master methodologies in systems biology, including bioinformatics, dynamical modeling, genomics, network analysis, proteomics, and single-cell research technologies for biotechnology applications.",
        "price": "Coursera subscriptions vary; check Coursera for current pricing.",
        "provider": "Coursera"
      }
    },
    {
      "provider": "coursera",
      "original_data": {
        "_id": "68aa13e9b82e4c212546633b",
        "Title": "Introduction to Programming with MATLAB",
        "URL": "https://www.coursera.org/learn/matlab",
        "Short Intro": "This course teaches computer programming to those with little to no previous experience. It uses the programming system and language called MATLAB to do so because it is easy to learn, versatile and very useful for engineers and other professionals. MATLAB is a special-purpose language that is an excellent choice for writing moderate-size programs that solve problems involving the manipulation of numbers. The design of the language makes it possible to write a powerful program in a few lines. The problems may be relatively complex, while the MATLAB programs that solve them are relatively simple: relative, that is, to the equivalent program written in a general-purpose language, such as C++ or Java. As a result, MATLAB is being used in a wide variety of domains from the natural sciences, through all disciplines of engineering, to finance, and beyond, and it is heavily used in industry. Hence, a solid background in MATLAB is an indispensable skill in today’s job market.",
        "Category": "Computer Science",
        "Sub-Category": "Software Development",
        "Course Type": "Course",
        "Language": "English",
        "Subtitle Languages": "Subtitles: Arabic, French, Portuguese (European), Greek, Italian, Vietnamese, Korean, German, Russian, English, Spanish",
        "Skills": "Computer Programming,Problem Solving,Matlab,Programming Language,",
        "Instructors": "Akos Ledeczi",
        "Rating": "4.8stars",
        "Number of viewers": "16,892",
        "Duration": "Approx. 35 hours to complete",
        "Site": "Coursera"
      },
      "unified_data": {
        "title": "Introduction to Programming with MATLAB",
        "url": "https://www.coursera.org/learn/matlab",
        "description": "This course teaches computer programming to those with little to no previous experience. It uses the programming system and language called MATLAB to do so because it is easy to learn, versatile and very useful for engineers and other professionals. MATLAB is a special-purpose language that is an excellent choice for writing moderate-size programs that solve problems involving the manipulation of numbers. The design of the language makes it possible to write a powerful program in a few lines. The problems may be relatively complex, while the MATLAB programs that solve them are relatively simple: relative, that is, to the equivalent program written in a general-purpose language, such as C++ or Java. As a result, MATLAB is being used in a wide variety of domains from the natural sciences, through all disciplines of engineering, to finance, and beyond, and it is heavily used in industry. Hence, a solid background in MATLAB is an indispensable skill in today’s job market.",
        "category": "Computer Science",
        "language": "English",
        "skills": [
          "Computer Programming",
          "Problem Solving",
          "Matlab",
          "Programming Language"
        ],
        "instructors": [
          "Akos Ledeczi"
        ],
        "duration": "Approx. 35 hours to complete",
        "site": "Coursera",
        "level": "Course",
        "viewers": 16892,
        "prerequisites": [
          "Basic computer literacy",
          "High school algebra is helpful but not required",
          "No prior programming experience needed"
        ],
        "learning_outcomes": "Learn computer programming using MATLAB, a versatile language for engineers and professionals. Develop skills in problem-solving and manipulating numbers to create efficient programs applicable across various domains, enhancing job market readiness.",
        "price": "Free to audit / Paid certificate available",
        "provider": "Coursera"
      }
    },
    {
      "provider": "coursera",
      "original_data": {
        "_id": "68aa13e9b82e4c21254663b5",
        "Title": "Computational Neuroscience",
        "URL": "https://www.coursera.org/learn/computational-neuroscience",
        "Short Intro": "This course provides an introduction to basic computational methods for understanding what nervous systems do and for determining how they function. We will explore the computational principles governing various aspects of vision, sensory-motor control, learning, and memory. Specific topics that will be covered include representation of information by spiking neurons, processing of information in neural networks, and algorithms for adaptation and learning. We will make use of Matlab/Octave/Python demonstrations and exercises to gain a deeper understanding of concepts and methods introduced in the course. The course is primarily aimed at third- or fourth-year undergraduates and beginning graduate students, as well as professionals and distance learners interested in learning how the brain processes information.",
        "Category": "Data Science",
        "Sub-Category": "Machine Learning",
        "Course Type": "Course",
        "Language": "English",
        "Subtitle Languages": "Subtitles: Arabic, French, Portuguese (European), Italian, Vietnamese, German, Russian, English, Spanish",
        "Skills": "Computational Neuroscience,Artificial Neural Network,Reinforcement Learning,Biological Neuron Model,",
        "Instructors": "Rajesh P. N. Rao",
        "Rating": "4.6stars",
        "Number of viewers": "1,010",
        "Duration": "Approx. 26 hours to complete",
        "Site": "Coursera"
      },
      "unified_data": {
        "title": "Computational Neuroscience",
        "url": "https://www.coursera.org/learn/computational-neuroscience",
        "description": "This course provides an introduction to basic computational methods for understanding what nervous systems do and for determining how they function. We will explore the computational principles governing various aspects of vision, sensory-motor control, learning, and memory. Specific topics that will be covered include representation of information by spiking neurons, processing of information in neural networks, and algorithms for adaptation and learning. We will make use of Matlab/Octave/Python demonstrations and exercises to gain a deeper understanding of concepts and methods introduced in the course. The course is primarily aimed at third- or fourth-year undergraduates and beginning graduate students, as well as professionals and distance learners interested in learning how the brain processes information.",
        "category": "Data Science",
        "language": "English",
        "skills": [
          "Computational Neuroscience",
          "Artificial Neural Network",
          "Reinforcement Learning",
          "Biological Neuron Model"
        ],
        "instructors": [
          "Rajesh P. N. Rao"
        ],
        "duration": "Approx. 26 hours to complete",
        "site": "Coursera",
        "level": "Course",
        "viewers": 1010,
        "prerequisites": [
          "Calculus, Linear Algebra, Basic Programming (Python/Matlab), Introductory Neuroscience (recommended)",
          "Familiarity with basic programming concepts and mathematical principles is beneficial."
        ],
        "learning_outcomes": [
          "Understand computational methods for studying nervous systems. Learn principles of vision, sensory-motor control, learning, and memory. Gain knowledge of information representation in spiking neurons and neural networks. Implement algorithms for adaptation and learning.",
          "Gain deeper knowledge of concepts and methods introduced in the course."
        ],
        "price": "Variable, Coursera offers options like purchasing the course, a subscription, or applying for financial aid.",
        "provider": "Coursera"
      }
    },
    {
      "provider": "coursera",
      "original_data": {
        "_id": "68aa13e9b82e4c212546642b",
        "Title": "Robotics: Aerial Robotics",
        "URL": "https://www.coursera.org/learn/robotics-flight?specialization=robotics",
        "Short Intro": "How can we create agile micro aerial vehicles that are able to operate autonomously in cluttered indoor and outdoor environments?  You will gain an introduction to the mechanics of flight and the design of quadrotor flying robots and will be able to develop dynamic models, derive controllers, and synthesize planners for operating in three dimensional environments.  You will be exposed to the challenges of using noisy sensors for localization and maneuvering in complex, three-dimensional environments.  Finally, you will gain insights through seeing real world examples of the possible applications and challenges for the rapidly-growing drone industry.",
        "Category": "Physical Science and Engineering",
        "Sub-Category": "Mechanical Engineering",
        "Course Type": "Course",
        "Language": "English",
        "Subtitle Languages": "Subtitles: Arabic, French, Portuguese (European), Italian, Vietnamese, German, Russian, English, Spanish",
        "Skills": "Motion Planning,Robotics,Quadcoper,Matlab,",
        "Instructors": "Vijay Kumar",
        "Rating": "4.5stars",
        "Number of viewers": "2,946",
        "Duration": "Approx. 17 hours to complete",
        "Site": "Coursera"
      },
      "unified_data": {
        "title": "Robotics: Aerial Robotics",
        "url": "https://www.coursera.org/learn/robotics-flight?specialization=robotics",
        "description": "How can we create agile micro aerial vehicles that are able to operate autonomously in cluttered indoor and outdoor environments?  You will gain an introduction to the mechanics of flight and the design of quadrotor flying robots and will be able to develop dynamic models, derive controllers, and synthesize planners for operating in three dimensional environments.  You will be exposed to the challenges of using noisy sensors for localization and maneuvering in complex, three-dimensional environments.  Finally, you will gain insights through seeing real world examples of the possible applications and challenges for the rapidly-growing drone industry.",
        "category": "Physical Science and Engineering",
        "language": "English",
        "skills": [
          "Motion Planning",
          "Robotics",
          "Quadcoper",
          "Matlab"
        ],
        "instructors": [
          "Vijay Kumar"
        ],
        "duration": "Approx. 17 hours to complete",
        "site": "Coursera",
        "level": "Course",
        "viewers": 2946,
        "prerequisites": "Calculus, linear algebra, basic programming knowledge (e.g., Python or MATLAB), and introductory physics.",
        "learning_outcomes": "Learn mechanics of flight and quadrotor design. Develop dynamic models, controllers, and planners for 3D environments. Understand sensor challenges for localization and maneuvering. Gain insights into drone industry applications.",
        "price": "Coursera offers courses for free with an option to pay for a certificate.",
        "provider": "Coursera"
      }
    },
    {
      "provider": "coursera",
      "original_data": {
        "_id": "68aa13e9b82e4c212546656b",
        "Title": "Robotics: Computational Motion Planning",
        "URL": "https://www.coursera.org/learn/robotics-motion-planning?specialization=robotics",
        "Short Intro": "Robotic systems typically include three components: a mechanism which is capable of exerting forces and torques on the environment, a perception system for sensing the world and a decision and control system which modulates the robot's behavior to achieve the desired ends.  In this course we will consider the problem of how a robot decides what to do to achieve its goals. This problem is often referred to as Motion Planning and it has been formulated in various ways to model different situations.  You will learn some of the most common approaches to addressing this problem including graph-based methods, randomized planners and artificial potential fields.  Throughout the course, we will discuss the aspects of the problem that make planning challenging.",
        "Category": "Physical Science and Engineering",
        "Sub-Category": "Mechanical Engineering",
        "Course Type": "Course",
        "Language": "English",
        "Subtitle Languages": "Subtitles: English, Spanish",
        "Skills": "Motion Planning,Automated Planning And Scheduling,A* Search Algorithm,Matlab,",
        "Instructors": "CJ Taylor",
        "Rating": "4.3stars",
        "Number of viewers": "1,010",
        "Duration": "Approx. 11 hours to complete",
        "Site": "Coursera"
      },
      "unified_data": {
        "title": "Robotics: Computational Motion Planning",
        "url": "https://www.coursera.org/learn/robotics-motion-planning?specialization=robotics",
        "description": "Robotic systems typically include three components: a mechanism which is capable of exerting forces and torques on the environment, a perception system for sensing the world and a decision and control system which modulates the robot's behavior to achieve the desired ends.  In this course we will consider the problem of how a robot decides what to do to achieve its goals. This problem is often referred to as Motion Planning and it has been formulated in various ways to model different situations.  You will learn some of the most common approaches to addressing this problem including graph-based methods, randomized planners and artificial potential fields.  Throughout the course, we will discuss the aspects of the problem that make planning challenging.",
        "category": "Physical Science and Engineering",
        "language": "English",
        "skills": [
          "Motion Planning",
          "Automated Planning And Scheduling",
          "A* Search Algorithm",
          "Matlab"
        ],
        "instructors": [
          "CJ Taylor"
        ],
        "duration": "Approx. 11 hours to complete",
        "site": "Coursera",
        "level": "Course",
        "viewers": 1010,
        "prerequisites": "Basic programming knowledge (e.g., Python or Matlab), linear algebra, and introductory robotics concepts are recommended.",
        "learning_outcomes": "Understand common approaches to motion planning including graph-based, randomized planners, and artificial potential fields. Learn to model and address the challenges in robot motion planning.",
        "price": "Coursera offers a free audit option. Paid access, including graded assignments and a certificate, is available through a Coursera subscription.",
        "provider": "Coursera"
      }
    },
    {
      "provider": "coursera",
      "original_data": {
        "_id": "68aa13e9b82e4c2125466609",
        "Title": "Introduction to Data, Signal, and Image Analysis with MATLAB",
        "URL": "https://www.coursera.org/learn/matlab-image-processing?specialization=matlab-programming-engineers-scientists",
        "Short Intro": "Welcome to Introduction to Data, Signal, and Image Analysis with MATLAB!     ",
        "Category": "Data Science",
        "Sub-Category": "Data Analysis",
        "Course Type": "Course",
        "Language": "English",
        "Subtitle Languages": "Subtitles: Arabic, French, Portuguese (European), Italian, Vietnamese, German, Russian, English, Spanish",
        "Skills": null,
        "Instructors": "Jack Noble",
        "Rating": "4.7stars",
        "Number of viewers": "170",
        "Duration": "Approx. 23 hours to complete",
        "Site": "Coursera"
      },
      "unified_data": {
        "title": "Introduction to Data, Signal, and Image Analysis with MATLAB",
        "url": "https://www.coursera.org/learn/matlab-image-processing?specialization=matlab-programming-engineers-scientists",
        "description": "Welcome to Introduction to Data, Signal, and Image Analysis with MATLAB!     ",
        "category": "Data Science",
        "language": "English",
        "skills": [
          "Data Analysis",
          "Signal Processing",
          "Image Analysis",
          "MATLAB"
        ],
        "instructors": [
          "Jack Noble"
        ],
        "duration": "Approx. 23 hours to complete",
        "site": "Coursera",
        "level": "Course",
        "viewers": 170,
        "prerequisites": [
          "Basic programming knowledge",
          "Familiarity with mathematical concepts like linear algebra"
        ],
        "learning_outcomes": "Learn data, signal, and image analysis techniques using MATLAB. Develop practical skills in processing and interpreting various types of data and images. Gain expertise in MATLAB for engineering and scientific applications.",
        "price": "Free to audit, paid certificate available",
        "provider": "Coursera"
      }
    },
    {
      "provider": "coursera",
      "original_data": {
        "_id": "68aa13e9b82e4c2125466675",
        "Title": "Numerical Methods for Engineers",
        "URL": "https://www.coursera.org/learn/numerical-methods-engineers?specialization=mathematics-engineers",
        "Short Intro": "This course covers the most important numerical methods that an engineer should know, including root finding, matrix algebra, integration and interpolation, ordinary and partial differential equations. We learn how to use MATLAB to solve numerical problems, and access to MATLAB online and the MATLAB grader is given to all students who enroll.",
        "Category": "Math and Logic",
        "Sub-Category": "Math and Logic",
        "Course Type": "Course",
        "Language": "English",
        "Subtitle Languages": "Subtitles: English",
        "Skills": null,
        "Instructors": "Jeffrey R. Chasnov",
        "Rating": "4.9stars",
        "Number of viewers": "252",
        "Duration": "Approx. 41 hours to complete",
        "Site": "Coursera"
      },
      "unified_data": {
        "title": "Numerical Methods for Engineers",
        "url": "https://www.coursera.org/learn/numerical-methods-engineers?specialization=mathematics-engineers",
        "description": "This course covers the most important numerical methods that an engineer should know, including root finding, matrix algebra, integration and interpolation, ordinary and partial differential equations. We learn how to use MATLAB to solve numerical problems, and access to MATLAB online and the MATLAB grader is given to all students who enroll.",
        "category": "Math and Logic",
        "language": "English",
        "skills": [
          "Root Finding",
          "Matrix Algebra",
          "Numerical Integration",
          "Interpolation",
          "Differential Equations",
          "MATLAB"
        ],
        "instructors": [
          "Jeffrey R. Chasnov"
        ],
        "duration": "Approx. 41 hours to complete",
        "site": "Coursera",
        "level": "Course",
        "viewers": 252,
        "prerequisites": [
          "Calculus",
          "Linear Algebra",
          "Basic programming knowledge (helpful but not required)"
        ],
        "learning_outcomes": "Learn to apply numerical methods for solving engineering problems, including root finding, matrix algebra, integration, interpolation, and differential equations using MATLAB.",
        "price": "Free to audit, paid for certificate",
        "provider": "Coursera"
      }
    },
    {
      "provider": "coursera",
      "original_data": {
        "_id": "68aa13e9b82e4c212546668f",
        "Title": "Robotics: Mobility",
        "URL": "https://www.coursera.org/learn/robotics-mobility?specialization=robotics",
        "Short Intro": "How can robots use their motors and sensors to move around in an unstructured environment?  You will understand how to design robot bodies and behaviors that recruit limbs and more general appendages to apply physical forces that confer reliable mobility in a complex and dynamic world.  We develop an approach to composing simple dynamical abstractions that partially automate the generation of complicated sensorimotor programs.  Specific topics that will be covered include: mobility in animals and robots, kinematics and dynamics of legged machines, and design of dynamical behavior via energy landscapes.",
        "Category": "Physical Science and Engineering",
        "Sub-Category": "Mechanical Engineering",
        "Course Type": "Course",
        "Language": "English",
        "Subtitle Languages": "Subtitles: French, Portuguese (European), Russian, English, Spanish",
        "Skills": "Serial Line Internet Protocol (SLIP),Robotics,Robot,Matlab,",
        "Instructors": "Daniel E. Koditschek",
        "Rating": "3.9stars",
        "Number of viewers": "587",
        "Duration": "Approx. 19 hours to complete",
        "Site": "Coursera"
      },
      "unified_data": {
        "title": "Robotics: Mobility",
        "url": "https://www.coursera.org/learn/robotics-mobility?specialization=robotics",
        "description": "How can robots use their motors and sensors to move around in an unstructured environment?  You will understand how to design robot bodies and behaviors that recruit limbs and more general appendages to apply physical forces that confer reliable mobility in a complex and dynamic world.  We develop an approach to composing simple dynamical abstractions that partially automate the generation of complicated sensorimotor programs.  Specific topics that will be covered include: mobility in animals and robots, kinematics and dynamics of legged machines, and design of dynamical behavior via energy landscapes.",
        "category": "Physical Science and Engineering",
        "language": "English",
        "skills": [
          "Serial Line Internet Protocol (SLIP)",
          "Robotics",
          "Robot",
          "Matlab"
        ],
        "instructors": [
          "Daniel E. Koditschek"
        ],
        "duration": "Approx. 19 hours to complete",
        "site": "Coursera",
        "level": "Course",
        "viewers": 587,
        "prerequisites": "Calculus, linear algebra, basic physics, and introductory programming experience recommended.",
        "learning_outcomes": "Design robot bodies and behaviors for mobility in unstructured environments. Understand kinematics, dynamics of legged machines, and design dynamical behavior via energy landscapes.",
        "price": "Coursera offers courses for free with the option to pay for a certificate. Price varies.",
        "provider": "Coursera"
      }
    },
    {
      "provider": "coursera",
      "original_data": {
        "_id": "68aa13e9b82e4c21254666f6",
        "Title": "Introduction to Programming with MATLAB",
        "URL": "https://www.coursera.org/learn/matlab?specialization=matlab-programming-engineers-scientists",
        "Short Intro": "This course teaches computer programming to those with little to no previous experience. It uses the programming system and language called MATLAB to do so because it is easy to learn, versatile and very useful for engineers and other professionals. MATLAB is a special-purpose language that is an excellent choice for writing moderate-size programs that solve problems involving the manipulation of numbers. The design of the language makes it possible to write a powerful program in a few lines. The problems may be relatively complex, while the MATLAB programs that solve them are relatively simple: relative, that is, to the equivalent program written in a general-purpose language, such as C++ or Java. As a result, MATLAB is being used in a wide variety of domains from the natural sciences, through all disciplines of engineering, to finance, and beyond, and it is heavily used in industry. Hence, a solid background in MATLAB is an indispensable skill in today’s job market.",
        "Category": "Computer Science",
        "Sub-Category": "Software Development",
        "Course Type": "Course",
        "Language": "English",
        "Subtitle Languages": "Subtitles: Arabic, French, Portuguese (European), Greek, Italian, Vietnamese, Korean, German, Russian, English, Spanish",
        "Skills": "Computer Programming,Problem Solving,Matlab,Programming Language,",
        "Instructors": "Akos Ledeczi",
        "Rating": "4.8stars",
        "Number of viewers": "16,892",
        "Duration": "Approx. 35 hours to complete",
        "Site": "Coursera"
      },
      "unified_data": {
        "title": "Introduction to Programming with MATLAB",
        "url": "https://www.coursera.org/learn/matlab?specialization=matlab-programming-engineers-scientists",
        "description": "This course teaches computer programming to those with little to no previous experience. It uses the programming system and language called MATLAB to do so because it is easy to learn, versatile and very useful for engineers and other professionals. MATLAB is a special-purpose language that is an excellent choice for writing moderate-size programs that solve problems involving the manipulation of numbers. The design of the language makes it possible to write a powerful program in a few lines. The problems may be relatively complex, while the MATLAB programs that solve them are relatively simple: relative, that is, to the equivalent program written in a general-purpose language, such as C++ or Java. As a result, MATLAB is being used in a wide variety of domains from the natural sciences, through all disciplines of engineering, to finance, and beyond, and it is heavily used in industry. Hence, a solid background in MATLAB is an indispensable skill in today’s job market.",
        "category": "Computer Science",
        "language": "English",
        "skills": [
          "Computer Programming",
          "Problem Solving",
          "Matlab",
          "Programming Language"
        ],
        "instructors": [
          "Akos Ledeczi"
        ],
        "duration": "Approx. 35 hours to complete",
        "site": "Coursera",
        "level": "Course",
        "viewers": 16892,
        "prerequisites": "No prior programming experience is required. Basic algebra and familiarity with mathematical concepts are helpful.",
        "learning_outcomes": "Students will learn fundamental programming concepts using MATLAB, enabling them to solve numerical problems, manipulate data, and create powerful programs applicable across various engineering and scientific fields.",
        "price": "Coursera offers courses with options to audit for free or pay for a certificate. The price for this course with a certificate is typically between $49 and $79 per month, depending on the subscription.",
        "provider": "Coursera"
      }
    },
    {
      "provider": "coursera",
      "original_data": {
        "_id": "68aa13e9b82e4c2125466700",
        "Title": "Mathematics for Engineers: The Capstone Course",
        "URL": "https://www.coursera.org/learn/mathematics-engineers-capstone?specialization=mathematics-engineers",
        "Short Intro": "Mathematics for Engineers: The Capstone Course provides a capstone project for students who are completing the Mathematics for Engineers specialization. Students will first learn some basic concepts in computational fluid dynamics, and then apply these concepts to compute the fluid flow around a cylinder.   Access to MATLAB online and the MATLAB grader is given to all students who enroll.  ",
        "Category": "Math and Logic",
        "Sub-Category": "Math and Logic",
        "Course Type": "Course",
        "Language": "English",
        "Subtitle Languages": "Subtitles: English",
        "Skills": null,
        "Instructors": "Jeffrey R. Chasnov",
        "Rating": "4.9stars",
        "Number of viewers": "11",
        "Duration": "Approx. 9 hours to complete",
        "Site": "Coursera"
      },
      "unified_data": {
        "title": "Mathematics for Engineers: The Capstone Course",
        "url": "https://www.coursera.org/learn/mathematics-engineers-capstone?specialization=mathematics-engineers",
        "description": "Mathematics for Engineers: The Capstone Course provides a capstone project for students who are completing the Mathematics for Engineers specialization. Students will first learn some basic concepts in computational fluid dynamics, and then apply these concepts to compute the fluid flow around a cylinder.   Access to MATLAB online and the MATLAB grader is given to all students who enroll.  ",
        "category": "Math and Logic",
        "language": "English",
        "skills": [
          "Computational Fluid Dynamics (CFD)",
          "MATLAB",
          "Fluid Flow Simulation",
          "Problem Solving"
        ],
        "instructors": [
          "Jeffrey R. Chasnov"
        ],
        "duration": "Approx. 9 hours to complete",
        "site": "Coursera",
        "level": "Course",
        "viewers": 11,
        "prerequisites": [
          "Calculus",
          "Differential Equations",
          "Basic Programming (recommended)",
          "Mathematics for Engineers Specialization (recommended)"
        ],
        "learning_outcomes": "Apply computational fluid dynamics concepts to compute fluid flow. Gain hands-on experience simulating fluid flow around a cylinder using MATLAB and the MATLAB grader.",
        "price": "Free to audit, paid certificate available",
        "provider": "Coursera"
      }
    },
    {
      "provider": "coursera",
      "original_data": {
        "_id": "68aa13e9b82e4c21254667fb",
        "Title": "Modern Robotics, Course 6:  Capstone Project, Mobile Manipulation",
        "URL": "https://www.coursera.org/learn/modernrobotics-course6?specialization=modernrobotics",
        "Short Intro": "The capstone project of the Modern Robotics specialization is on mobile manipulation: simultaneously controlling the motion of a wheeled mobile base and its robot arm to achieve a manipulation task.  This project integrates several topics from the specialization, including trajectory planning, odometry for mobile robots, and feedback control.  Beginning from the Modern Robotics software library provided to you (written in Python, Mathematica, and MATLAB), and software you have written for previous courses, you will develop software to plan and control the motion of a mobile manipulator to perform a pick and place task.  You will test your software on the KUKA youBot, a mobile manipulator consisting of an omnidirectional mecanum-wheel mobile base, a 5-joint robot arm, and a gripper.  The state-of-the-art, cross-platform V-REP robot simulator will be used to simulate the task.",
        "Category": "Physical Science and Engineering",
        "Sub-Category": "Mechanical Engineering",
        "Course Type": "Course",
        "Language": "English",
        "Subtitle Languages": "Subtitles: French, Portuguese (European), Russian, English, Spanish",
        "Skills": null,
        "Instructors": "Kevin Lynch",
        "Rating": "4.9stars",
        "Number of viewers": "50",
        "Duration": "Approx. 20 hours to complete",
        "Site": "Coursera"
      },
      "unified_data": {
        "title": "Modern Robotics, Course 6:  Capstone Project, Mobile Manipulation",
        "url": "https://www.coursera.org/learn/modernrobotics-course6?specialization=modernrobotics",
        "description": "The capstone project of the Modern Robotics specialization is on mobile manipulation: simultaneously controlling the motion of a wheeled mobile base and its robot arm to achieve a manipulation task.  This project integrates several topics from the specialization, including trajectory planning, odometry for mobile robots, and feedback control.  Beginning from the Modern Robotics software library provided to you (written in Python, Mathematica, and MATLAB), and software you have written for previous courses, you will develop software to plan and control the motion of a mobile manipulator to perform a pick and place task.  You will test your software on the KUKA youBot, a mobile manipulator consisting of an omnidirectional mecanum-wheel mobile base, a 5-joint robot arm, and a gripper.  The state-of-the-art, cross-platform V-REP robot simulator will be used to simulate the task.",
        "category": "Physical Science and Engineering",
        "language": "English",
        "skills": [
          "Trajectory Planning",
          "Odometry",
          "Feedback Control",
          "Mobile Robotics",
          "Robot Arm Control",
          "Motion Planning",
          "Python",
          "Mathematica",
          "MATLAB",
          "V-REP Simulator"
        ],
        "instructors": [
          "Kevin Lynch"
        ],
        "duration": "Approx. 20 hours to complete",
        "site": "Coursera",
        "level": "Course",
        "viewers": 50,
        "prerequisites": [
          "Completion of Modern Robotics Specialization Courses 1-5 or equivalent knowledge of robotics fundamentals, linear algebra, calculus, and programming."
        ],
        "learning_outcomes": "Plan and control a mobile manipulator for pick and place tasks, utilizing trajectory planning, odometry, and feedback control, using the Modern Robotics software library and the V-REP robot simulator.",
        "price": "Part of Coursera Plus subscription or can be purchased individually.",
        "provider": "Coursera"
      }
    },
    {
      "provider": "coursera",
      "original_data": {
        "_id": "68aa13e9b82e4c212546685a",
        "Title": "Automating Image Processing",
        "URL": "https://www.coursera.org/learn/automating-image-processing?specialization=image-processing",
        "Short Intro": "In this course, you will build on the skills acquired in Image Segmentation, Filtering, and Region Analysis to explore large sets of images and video files. It’s impractical to manually inspect results in large data sets. Automating image processing allows you to do your work more efficiently. ",
        "Category": "Physical Science and Engineering",
        "Sub-Category": "Electrical Engineering",
        "Course Type": "Course",
        "Language": "English",
        "Subtitle Languages": "Subtitles: English",
        "Skills": "Image Processing,Object Detection,Matlab,video processing,",
        "Instructors": "Amanda  Wang",
        "Rating": null,
        "Number of viewers": null,
        "Duration": "Approx. 13 hours to complete",
        "Site": "Coursera"
      },
      "unified_data": {
        "title": "Automating Image Processing",
        "url": "https://www.coursera.org/learn/automating-image-processing?specialization=image-processing",
        "description": "In this course, you will build on the skills acquired in Image Segmentation, Filtering, and Region Analysis to explore large sets of images and video files. It’s impractical to manually inspect results in large data sets. Automating image processing allows you to do your work more efficiently. ",
        "category": "Physical Science and Engineering",
        "language": "English",
        "skills": [
          "Image Processing",
          "Object Detection",
          "Matlab",
          "video processing"
        ],
        "instructors": [
          "Amanda  Wang"
        ],
        "duration": "Approx. 13 hours to complete",
        "site": "Coursera",
        "level": "Course",
        "viewers": 5000,
        "prerequisites": "Image Segmentation, Filtering, Region Analysis, basic programming knowledge (e.g., MATLAB or Python)",
        "learning_outcomes": "Efficiently process large image and video datasets by automating image processing techniques. Apply skills in object detection and video processing to automate analysis and improve workflows.",
        "price": "Paid",
        "provider": "Coursera"
      }
    },
    {
      "provider": "coursera",
      "original_data": {
        "_id": "68aa13e9b82e4c212546694c",
        "Title": "Robotics: Capstone",
        "URL": "https://www.coursera.org/learn/robotics-capstone?specialization=robotics",
        "Short Intro": "In our 6 week Robotics Capstone, we will give you a chance to implement a solution for a real world problem based on the content you learnt from the courses  in your robotics specialization. It  will also give you a chance to use mathematical and programming methods that researchers use in robotics labs. ",
        "Category": "Physical Science and Engineering",
        "Sub-Category": "Mechanical Engineering",
        "Course Type": "Course",
        "Language": "English",
        "Subtitle Languages": "Subtitles: English",
        "Skills": "Python Programming,Robotics,Raspberry Pi,Matlab,",
        "Instructors": "Sid Deliwala",
        "Rating": "4.6stars",
        "Number of viewers": "108",
        "Duration": "Approx. 26 hours to complete",
        "Site": "Coursera"
      },
      "unified_data": {
        "title": "Robotics: Capstone",
        "url": "https://www.coursera.org/learn/robotics-capstone?specialization=robotics",
        "description": "In our 6 week Robotics Capstone, we will give you a chance to implement a solution for a real world problem based on the content you learnt from the courses  in your robotics specialization. It  will also give you a chance to use mathematical and programming methods that researchers use in robotics labs. ",
        "category": "Physical Science and Engineering",
        "language": "English",
        "skills": [
          "Python Programming",
          "Robotics",
          "Raspberry Pi",
          "Matlab"
        ],
        "instructors": [
          "Sid Deliwala"
        ],
        "duration": "Approx. 26 hours to complete",
        "site": "Coursera",
        "level": "Course",
        "viewers": 108,
        "prerequisites": [],
        "learning_outcomes": [],
        "price": "",
        "provider": "Coursera"
      }
    },
    {
      "provider": "coursera",
      "original_data": {
        "_id": "68aa13e9b82e4c21254669bf",
        "Title": "Mastering Programming with MATLAB",
        "URL": "https://www.coursera.org/learn/advanced-matlab-programming?specialization=matlab-programming-engineers-scientists",
        "Short Intro": "The course builds on the foundation laid by the first course of the Specialization called “Introduction to Programming with MATLAB.” It covers more advanced programming concepts such as recursion, vectorization, function handles, algorithm efficiency and others. At the same time, it presents many features that make MATLAB a powerful programming environment for engineering and scientific computing, such as  its support for object oriented programming, the new user interface design environment and Live Scripts.",
        "Category": "Computer Science",
        "Sub-Category": "Software Development",
        "Course Type": "Course",
        "Language": "English",
        "Subtitle Languages": "Subtitles: Arabic, French, Portuguese (European), Italian, Vietnamese, German, Russian, English, Spanish",
        "Skills": null,
        "Instructors": "Akos Ledeczi",
        "Rating": "4.8stars",
        "Number of viewers": "337",
        "Duration": "Approx. 55 hours to complete",
        "Site": "Coursera"
      },
      "unified_data": {
        "title": "Mastering Programming with MATLAB",
        "url": "https://www.coursera.org/learn/advanced-matlab-programming?specialization=matlab-programming-engineers-scientists",
        "description": "The course builds on the foundation laid by the first course of the Specialization called “Introduction to Programming with MATLAB.” It covers more advanced programming concepts such as recursion, vectorization, function handles, algorithm efficiency and others. At the same time, it presents many features that make MATLAB a powerful programming environment for engineering and scientific computing, such as  its support for object oriented programming, the new user interface design environment and Live Scripts.",
        "category": "Computer Science",
        "language": "English",
        "skills": [],
        "instructors": [
          "Akos Ledeczi"
        ],
        "duration": "Approx. 55 hours to complete",
        "site": "Coursera",
        "level": "Course",
        "viewers": 337,
        "prerequisites": [],
        "learning_outcomes": [],
        "price": "",
        "provider": "Coursera"
      }
    },
    {
      "provider": "coursera",
      "original_data": {
        "_id": "68aa13e9b82e4c2125466ae5",
        "Title": "Introduction to Image Processing",
        "URL": "https://www.coursera.org/learn/introduction-image-processing?specialization=image-processing",
        "Short Intro": "In this introduction to image processing, you'll take your first steps in accessing and adjusting digital images for analysis and processing. You will load, save, and adjust image size and orientation while also understanding how digital images are recognized. You will then perform basic segmentation and quantitative analysis. Lastly, you will enhance the contrast of images to make objects of interest easier to identify. ",
        "Category": "Physical Science and Engineering",
        "Sub-Category": "Electrical Engineering",
        "Course Type": "Course",
        "Language": "English",
        "Subtitle Languages": "Subtitles: English",
        "Skills": "Image Processing,Image Segmentation,Matlab,",
        "Instructors": "Amanda  Wang",
        "Rating": "4.8stars",
        "Number of viewers": "68",
        "Duration": "Approx. 10 hours to complete",
        "Site": "Coursera"
      },
      "unified_data": {
        "title": "Introduction to Image Processing",
        "url": "https://www.coursera.org/learn/introduction-image-processing?specialization=image-processing",
        "description": "In this introduction to image processing, you'll take your first steps in accessing and adjusting digital images for analysis and processing. You will load, save, and adjust image size and orientation while also understanding how digital images are recognized. You will then perform basic segmentation and quantitative analysis. Lastly, you will enhance the contrast of images to make objects of interest easier to identify. ",
        "category": "Physical Science and Engineering",
        "language": "English",
        "skills": [
          "Image Processing",
          "Image Segmentation",
          "Matlab"
        ],
        "instructors": [
          "Amanda  Wang"
        ],
        "duration": "Approx. 10 hours to complete",
        "site": "Coursera",
        "level": "Course",
        "viewers": 68,
        "prerequisites": [],
        "learning_outcomes": [],
        "price": "",
        "provider": "Coursera"
      }
    }
  ]
}