{
  "user_query": "Show some course in MATLAB",
  "generated_queries": {
    "coursera": {
      "$or": [
        {
          "Skills Covered": {
            "$regex": "\\bMATLAB\\b",
            "$options": "i"
          }
        },
        {
          "Course Title": {
            "$regex": "\\bMATLAB\\b",
            "$options": "i"
          }
        },
        {
          "Brief Description": {
            "$regex": "\\bMATLAB\\b",
            "$options": "i"
          }
        }
      ]
    },
    "udacity": {
      "$or": [
        {
          "Skills Covered": {
            "$regex": "\\bMATLAB\\b",
            "$options": "i"
          }
        },
        {
          "Course Title": {
            "$regex": "\\bMATLAB\\b",
            "$options": "i"
          }
        },
        {
          "Brief Description": {
            "$regex": "\\bMATLAB\\b",
            "$options": "i"
          }
        }
      ]
    },
    "futurelearn": {
      "$or": [
        {
          "Course Title": {
            "$regex": "\\bMATLAB\\b",
            "$options": "i"
          }
        },
        {
          "Brief Description": {
            "$regex": "\\bMATLAB\\b",
            "$options": "i"
          }
        }
      ]
    },
    "simplilearn": {
      "$or": [
        {
          "Skills Covered": {
            "$regex": "\\bMATLAB\\b",
            "$options": "i"
          }
        },
        {
          "Course Title": {
            "$regex": "\\bMATLAB\\b",
            "$options": "i"
          }
        },
        {
          "Brief Description": {
            "$regex": "\\bMATLAB\\b",
            "$options": "i"
          }
        }
      ]
    }
  },
  "timestamp": "2025-08-26T22:34:29.635611"
}