{
  "user_query": "so some coursera course in GEOGRAPHY",
  "generated_queries": {
    "coursera": {
      "$or": [
        {
          "Main Category": {
            "$regex": "\\bGEOGRAPHY\\b",
            "$options": "i"
          }
        },
        {
          "Sub-Category": {
            "$regex": "\\bGEOGRAPHY\\b",
            "$options": "i"
          }
        },
        {
          "Skills Covered": {
            "$regex": "\\bGEOGRAPHY\\b",
            "$options": "i"
          }
        },
        {
          "Course Title": {
            "$regex": "\\bGEOGRAPHY\\b",
            "$options": "i"
          }
        },
        {
          "Brief Description": {
            "$regex": "\\bGEOGRAPHY\\b",
            "$options": "i"
          }
        }
      ]
    }
  },
  "timestamp": "2025-08-26T23:39:41.572443"
}