{
  "user_query": "so some coursera course in GEOGRAPHY",
  "execution_results": {
    "coursera": {
      "collection": "Coursera",
      "query": {
        "$or": [
          {
            "Category": {
              "$regex": "\\bGEOGRAPHY\\b",
              "$options": "i"
            }
          },
          {
            "Sub-Category": {
              "$regex": "\\bGEOGRAPHY\\b",
              "$options": "i"
            }
          },
          {
            "Skills": {
              "$regex": "\\bGEOGRAPHY\\b",
              "$options": "i"
            }
          },
          {
            "Title": {
              "$regex": "\\bGEOGRAPHY\\b",
              "$options": "i"
            }
          },
          {
            "Short Intro": {
              "$regex": "\\bGEOGRAPHY\\b",
              "$options": "i"
            }
          }
        ]
      },
      "match_count": 2,
      "used_fallback": false,
      "execution_error": null
    }
  },
  "timestamp": "2025-08-26T23:39:41.573677"
}