{
  "user_query": "Find some courses from SimpliLearn & Udacity based on Buisness Law",
  "generated_queries": {
    "simplilearn": {
      "$or": [
        {
          "Main Category": {
            "$regex": "\\bBusiness Law\\b",
            "$options": "i"
          }
        },
        {
          "Skills Covered": {
            "$regex": "\\bBusiness Law\\b",
            "$options": "i"
          }
        },
        {
          "Brief Description": {
            "$regex": "\\bBusiness Law\\b",
            "$options": "i"
          }
        },
        {
          "Course Title": {
            "$regex": "\\bBusiness Law\\b",
            "$options": "i"
          }
        }
      ]
    },
    "udacity": {
      "$or": [
        {
          "Brief Description": {
            "$regex": "\\bBusiness Law\\b",
            "$options": "i"
          }
        },
        {
          "Course Title": {
            "$regex": "\\bBusiness Law\\b",
            "$options": "i"
          }
        }
      ]
    }
  },
  "timestamp": "2025-08-25T20:39:23.926428"
}