[
  {
    "title": "Deep Learning Course (with Keras & TensorFlow) Certification Training",
    "url": "https://www.simplilearn.com/deep-learning-course-with-tensorflow-training?tag=",
    "description": "This Deep Learning course with TensorFlow certification training is developed by industry leaders and aligned with the latest best practices. Youâ€™ll master deep learning concepts and models using Keras and TensorFlow frameworks through this TensorFlow course. Learn to implement deep learning algorithms with our TensorFlow training and prepare for a career as a Deep Learning Engineer. Achieve our deep learning certification and gain a competitive edge over your peers in your next interview.",
    "category": "Simplilearn",
    "language": "English",
    "skills": 34113,
    "instructors": [
      "AI & Machine Learning"
    ],
    "duration": "Self-Paced Learning",
    "site": "Simplilearn",
    "level": "Intermediate",
    "viewers": 500,
    "prerequisites": [
      "Basic Python programming",
      "Understanding of machine learning concepts",
      "Linear algebra and calculus knowledge"
    ],
    "learning_outcomes": "Master deep learning concepts and models using Keras and TensorFlow. Implement deep learning algorithms and prepare for a career as a Deep Learning Engineer. Gain a competitive edge with deep learning certification.",
    "price": "Variable",
    "provider": "Simplilearn",
    "original_provider_id": "68ac04f569e0bdd621a8d7fe",
    "source_provider": "simplilearn"
  },
  {
    "title": "Artificial Intelligence Engineer",
    "url": "https://www.simplilearn.com/search?item_type=course%2Cbundle%2Ccohort_master%2Cuniversity_master&tag=Artificial%20Intelligence%20Engineer",
    "description": "Accelerate your career with this Master's in Artificial Intelligence in conjunction with IBM. This program includes industry-relevant courses, such as Data Science with Python, Machine Learning, Deep Learning, NLP, and Chat GPT and also features hackathons and AMA sessions hosted by IBM. Get job-ready in the AI domain with Capstone projects, practical labs, live sessions, and hands-on projects.",
    "category": "Simplilearn",
    "language": " Career Karma",
    "skills": [
      "Data Science",
      "Python",
      "Machine Learning",
      "Deep Learning",
      "NLP",
      "Chat GPT",
      "AI"
    ],
    "instructors": [
      "AI & Machine Learning"
    ],
    "duration": "Varies based on learning path",
    "site": "Simplilearn",
    "level": "Ranked #1 Masters in Artificial Intelligence Program by Career Karma",
    "viewers": "1000+",
    "prerequisites": [
      "Basic programming knowledge",
      "Familiarity with mathematics and statistics",
      "Understanding of data structures and algorithms"
    ],
    "learning_outcomes": "Gain expertise in AI domains, including Data Science with Python, Machine Learning, Deep Learning, NLP, and Chat GPT. Develop practical AI skills through hands-on projects and capstone projects.",
    "price": "Varies based on program",
    "provider": "Simplilearn",
    "original_provider_id": "68ac04f569e0bdd621a8d7e8",
    "source_provider": "simplilearn"
  },
  {
    "title": "Introduction to TensorFlow Lite",
    "url": "https://www.udacity.com/course/intro-to-tensorflow-lite--ud190",
    "description": "Learn how to deploy deep learning models on mobile and embedded devices with TensorFlow Lite.",
    "category": "Machine Learning",
    "language": "English",
    "skills": [
      "TensorFlow Lite",
      "Deep Learning",
      "Mobile Deployment",
      "Embedded Systems",
      "Android Development",
      "iOS Development",
      "Python",
      "Swift"
    ],
    "instructors": [],
    "duration": "Estimated timeApprox. 2 Months",
    "site": "Udacity",
    "level": "Intermediate",
    "viewers": 5000,
    "prerequisites": [
      "General Experience: Some familiarity with the TensorFlow Lite framework, and comfortability with Object Oriented Programming, Python, Swift, Android, and Machine Learning",
      "See the Technology Requirements for using Udacity"
    ],
    "learning_outcomes": [
      "Introduction to TensorFlow LiteLearn how TensorFlow works under the hoodLearn how to quantize modelsLearn how to test your TF Lite Models in PythonLearn how TensorFlow works under the hoodLearn how to quantize modelsLearn how to test your TF Lite Models in PythonTensorFlow Lite on AndroidDeploy a TF Lite Model to an Android app that classifies images of cats and dogsDeploy a TF Lite Model to an Android app that classifies images of various objectsDeploy a TF Lite Model to an Android app that performs object detectionDeploy a TF Lite Model to an Android app that recognizes speech commandsDeploy a TF Lite Model to an Android app that classifies images of cats and dogsDeploy a TF Lite Model to an Android app that classifies images of various objectsDeploy a TF Lite Model to an Android app that performs object detectionDeploy a TF Lite Model to an Android app that recognizes speech commandsTensorFlow Lite on SwiftDeploy a TF Lite Model to an iOS app that classifies images of cats and dogsDeploy a TF Lite Model to an iOS app that classifies images of various objectsDeploy a TF Lite Model to an iOS app that performs object detectionDeploy a TF Lite Model to an iOS app that recognizes speech commandsDeploy a TF Lite Model to an iOS app that classifies images of cats and dogsDeploy a TF Lite Model to an iOS app that classifies images of various objectsDeploy a TF Lite Model to an iOS app that performs object detectionDeploy a TF Lite Model to an iOS app that recognizes speech commandsTensorFlow Lite on IoTDeploy a TF Lite Model to a Linux embedded platform that classifies images of cats and dogsDeploy a TF Lite Model to a Linux embedded platform that classifies images of various objectsDeploy a TF Lite Model to a Linux embedded platform that performs object detectionDeploy a TF Lite Model to a Linux embedded platform that classifies images of cats and dogsDeploy a TF Lite Model to a Linux embedded platform that classifies images of various objectsDeploy a TF Lite Model to a Linux embedded platform that performs object detection"
    ],
    "price": "Free",
    "provider": "Udacity",
    "original_provider_id": "68ac0cf969e0bdd621a8d8e2",
    "source_provider": "udacity"
  },
  {
    "title": "Intro to TensorFlow for Deep Learning",
    "url": "https://www.udacity.com/course/intro-to-tensorflow-for-deep-learning--ud187",
    "description": "This course is a practical approach to deep learning for software developers.",
    "category": "Deep Learning",
    "language": "English",
    "skills": [
      "TensorFlow",
      "Deep Learning",
      "Machine Learning",
      "Convolutional Neural Networks (CNNs)",
      "Transfer Learning",
      "Time Series Forecasting",
      "Recurrent Neural Networks (RNNs)",
      "Natural Language Processing (NLP)",
      "TensorFlow Lite"
    ],
    "instructors": [],
    "duration": "Estimated timeApprox. 2 Months",
    "site": "Udacity",
    "level": "Intermediate",
    "viewers": 5000,
    "prerequisites": [
      "To get the most out of your experience, we recommend the following:Beginning Python syntax, including: variables, functions, classes, and object-oriented programmingBasic algebraSee the Technology Requirements for using Udacity"
    ],
    "learning_outcomes": [
      "Introduction to Machine LearningGet a high-level overview of artificial intelligence and machine learningLearn how machine learning and deep learning have revolutionized softwareGet a high-level overview of artificial intelligence and machine learningLearn how machine learning and deep learning have revolutionized softwareYour First Model: Fashion MNISTBuild a neural network that can recognize images of articles of clothingBuild a neural network that can recognize images of articles of clothingIntroduction to Convolutional Neural Networks (\"CNNs\")Use a convolutional network to build more efficient models for Fashion MNISTUse a convolutional network to build more efficient models for Fashion MNISTGoing Further with CNNsExpand your image classifiers into models that can predict from multiple classesUse a convolutional network to build a classifier for more detailed color imagesExpand your image classifiers into models that can predict from multiple classesUse a convolutional network to build a classifier for more detailed color imagesTransfer LearningUse a pre-trained network to build powerful state-of-the-art classifiersUse a pre-trained network to build powerful state-of-the-art classifiersSaving and Loading ModelsLook at the new SAVEDMODEL format in TensorFlow 2",
      "0 and take advantage of it for TensorFlow-Lite and TensorFlow-ServingLook at the new SAVEDMODEL format in TensorFlow 2",
      "0 and take advantage of it for TensorFlow-Lite and TensorFlow-ServingTime Series ForecastingLearning from sequential data with recurrent neural networksLearning from sequential data with recurrent neural networksNatural Language Processing Tokenize words and create embeddings for using text data with neural networksBuild recurrent neural networks, such as LSTMs, for improved NLP modelsGenerate new text for tasks like novel song lyricsTokenize words and create embeddings for using text data with neural networksBuild recurrent neural networks, such as LSTMs, for improved NLP modelsGenerate new text for tasks like novel song lyricsIntroduction to TensorFlow LiteLearn how you can use TensorFlow lite to build machine learning apps on Android, iOS and iOT devicesLearn how you can use TensorFlow lite to build machine learning apps on Android, iOS and iOT devices"
    ],
    "price": "Free",
    "provider": "Udacity",
    "original_provider_id": "68ac0cf969e0bdd621a8d8e3",
    "source_provider": "udacity"
  },
  {
    "title": "Intro to Deep Learning with PyTorch",
    "url": "https://www.udacity.com/course/deep-learning-pytorch--ud188",
    "description": "Use PyTorch to implement your first deep neural network",
    "category": "Deep Learning",
    "language": "English",
    "skills": [
      "Deep Learning",
      "PyTorch",
      "Neural Networks",
      "Convolutional Neural Networks",
      "Recurrent Neural Networks",
      "Python"
    ],
    "instructors": [
      "Soumith Chintala"
    ],
    "duration": "Estimated timeApprox. 2 Months",
    "site": "Udacity",
    "level": "Intermediate",
    "viewers": 5000,
    "prerequisites": [
      "To succeed in this course, you’ll need to be comfortable with Python and data processing libraries such as NumPy and Matplotlib",
      "Basic knowledge of linear algebra and calculus is recommended, but isn’t required to complete the exercises",
      "See the Technology Requirements for using Udacity"
    ],
    "learning_outcomes": [
      "Introduction to Deep LearningDiscover the basic concepts of deep learning such as neural networks and gradient descentImplement a neural network in NumPy and train it using gradient descent with in-class programming exercisesBuild a neural network to predict student admissionsDiscover the basic concepts of deep learning such as neural networks and gradient descentImplement a neural network in NumPy and train it using gradient descent with in-class programming exercisesBuild a neural network to predict student admissionsIntroduction to PyTorchHear from Soumith Chintala, the creator of PyTorch, how the framework came to be, where it’s being used now, and how it’s changing the future of deep learningHear from Soumith Chintala, the creator of PyTorch, how the framework came to be, where it’s being used now, and how it’s changing the future of deep learningDeep Learning with PyTorchBuild your first neural network with PyTorch to classify images of clothingWork through a set of Jupyter Notebooks to learn the major components of PyTorchLoad a pre-trained neural network to build a state-of-the-art image classifierBuild your first neural network with PyTorch to classify images of clothingWork through a set of Jupyter Notebooks to learn the major components of PyTorchLoad a pre-trained neural network to build a state-of-the-art image classifierConvolutional Neural NetworksUse PyTorch to build Convolutional Neural Networks for state-of-the-art computer vision applicationsTrain a convolutional network to classify dog breeds from images of dogsUse PyTorch to build Convolutional Neural Networks for state-of-the-art computer vision applicationsTrain a convolutional network to classify dog breeds from images of dogsStyle TransferUse a pre-trained convolutional network to create new art by merging the style of one image with the content of another imageImplement the paper \"A Neural Algorithm of Artistic Style” by Leon A",
      "Gatys, Alexander S",
      "Ecker, and Matthias Bethge\"Use a pre-trained convolutional network to create new art by merging the style of one image with the content of another imageImplement the paper \"A Neural Algorithm of Artistic Style” by Leon A",
      "Gatys, Alexander S",
      "Ecker, and Matthias Bethge\"Recurrent Neural NetworksBuild recurrent neural networks with PyTorch that can learn from sequential data such as natural languageImplement a network that learns from Tolstoy’s Anna Karenina to generate new text based on the novelBuild recurrent neural networks with PyTorch that can learn from sequential data such as natural languageImplement a network that learns from Tolstoy’s Anna Karenina to generate new text based on the novelNatural Language ClassificationUse PyTorch to implement a recurrent neural network that can classify textUse your network to predict the sentiment of movie reviewsUse PyTorch to implement a recurrent neural network that can classify textUse your network to predict the sentiment of movie reviewsDeploying with PyTorchSoumith Chintala teaches you how to deploy deep learning models with PyTorchBuild a chatbot and compile the network for deployment in a production environmentSoumith Chintala teaches you how to deploy deep learning models with PyTorchBuild a chatbot and compile the network for deployment in a production environment"
    ],
    "price": "Free",
    "provider": "Udacity",
    "original_provider_id": "68ac0cf969e0bdd621a8d8e7",
    "source_provider": "udacity"
  },
  {
    "title": "Become a Computer Vision Expert",
    "url": "https://www.udacity.com/course/computer-vision-nanodegree--nd891",
    "description": "Master the computer vision skills behind advances in robotics and automation. Write programs to analyze images, implement feature extraction, and recognize objects using deep learning models.",
    "category": "Computer Vision",
    "language": "English",
    "skills": [
      "Image Processing",
      "Feature Extraction",
      "Object Recognition",
      "Deep Learning",
      "Python",
      "Convolutional Neural Networks"
    ],
    "instructors": [],
    "duration": "3 Months to complete",
    "site": "Udacity",
    "level": "Advanced",
    "viewers": 5000,
    "prerequisites": [
      "This program requires experience with Python, statistics, machine learning, and deep learning"
    ],
    "learning_outcomes": [
      "Learn cutting-edge computer vision and deep learning techniques—from basic image processing, to building and customizing convolutional neural networks",
      "Apply these concepts to vision tasks such as automatic image captioning and object tracking, and build a robust portfolio of computer vision projects"
    ],
    "price": "Paid",
    "provider": "Udacity",
    "original_provider_id": "68ac0cf969e0bdd621a8d915",
    "source_provider": "udacity"
  }
]