{
  "user_query": "show me only courses from SIMplilern and Udacity on Deep Learning where Duration is not more than 4 months",
  "execution_results": {
    "simplilearn": {
      "collection": "SimpliLearn",
      "query": {
        "$and": [
          {
            "$or": [
              {
                "Title": {
                  "$regex": "\\bDeep Learning\\b",
                  "$options": "i"
                }
              },
              {
                "Short Intro": {
                  "$regex": "\\bDeep Learning\\b",
                  "$options": "i"
                }
              },
              {
                "Skills": {
                  "$regex": "\\bDeep Learning\\b",
                  "$options": "i"
                }
              }
            ]
          }
        ]
      },
      "match_count": 2,
      "used_fallback": false,
      "execution_error": null
    },
    "udacity": {
      "collection": "Udacity",
      "query": {
        "$and": [
          {
            "$or": [
              {
                "Title": {
                  "$regex": "\\bDeep Learning\\b",
                  "$options": "i"
                }
              },
              {
                "Short Intro": {
                  "$regex": "\\bDeep Learning\\b",
                  "$options": "i"
                }
              }
            ]
          },
          {
            "Duration": {
              "$regex": "\\b([0-3]|[1-3][0-9])\\s*(day|week|month)s?\\b",
              "$options": "i"
            }
          }
        ]
      },
      "match_count": 4,
      "used_fallback": false,
      "execution_error": null
    }
  },
  "timestamp": "2025-08-25T08:34:16.970479"
}