{
  "timestamp": "2025-08-26T21:45:03.601596",
  "user_query": "Show me beginner-friendly Python courses from Udacity and SImpliLearn",
  "debug_info": {
    "user_query": "Show me beginner-friendly Python courses from Udacity and SImpliLearn",
    "llm_generated_queries": {
      "udacity": {
        "$and": [
          {
            "$or": [
              {
                "Brief Description": {
                  "$regex": "\\bbeginner-friendly\\b",
                  "$options": "i"
                }
              },
              {
                "Course Title": {
                  "$regex": "\\bbeginner-friendly\\b",
                  "$options": "i"
                }
              }
            ]
          },
          {
            "$or": [
              {
                "Skills Covered": {
                  "$regex": "\\bPython\\b",
                  "$options": "i"
                }
              },
              {
                "Course Title": {
                  "$regex": "\\bPython\\b",
                  "$options": "i"
                }
              },
              {
                "Brief Description": {
                  "$regex": "\\bPython\\b",
                  "$options": "i"
                }
              }
            ]
          }
        ]
      },
      "simplilearn": {
        "$and": [
          {
            "$or": [
              {
                "Brief Description": {
                  "$regex": "\\bbeginner-friendly\\b",
                  "$options": "i"
                }
              },
              {
                "Course Title": {
                  "$regex": "\\bbeginner-friendly\\b",
                  "$options": "i"
                }
              }
            ]
          },
          {
            "$or": [
              {
                "Skills Covered": {
                  "$regex": "\\bPython\\b",
                  "$options": "i"
                }
              },
              {
                "Course Title": {
                  "$regex": "\\bPython\\b",
                  "$options": "i"
                }
              },
              {
                "Brief Description": {
                  "$regex": "\\bPython\\b",
                  "$options": "i"
                }
              }
            ]
          }
        ]
      }
    },
    "execution_results": {
      "udacity": {
        "collection": "Udacity",
        "query": {
          "$and": [
            {
              "$or": [
                {
                  "Title": {
                    "$regex": "\\bfriendly\\ python\\ from\\ udacity\\ and\\ simplilearn\\b",
                    "$options": "i"
                  }
                },
                {
                  "Short Intro": {
                    "$regex": "\\bfriendly\\ python\\ from\\ udacity\\ and\\ simplilearn\\b",
                    "$options": "i"
                  }
                },
                {
                  "What you learn": {
                    "$regex": "\\bfriendly\\ python\\ from\\ udacity\\ and\\ simplilearn\\b",
                    "$options": "i"
                  }
                },
                {
                  "Category": {
                    "$regex": "\\bfriendly\\ python\\ from\\ udacity\\ and\\ simplilearn\\b",
                    "$options": "i"
                  }
                },
                {
                  "Title": {
                    "$regex": "\\bshow\\ beginner\\b",
                    "$options": "i"
                  }
                },
                {
                  "Short Intro": {
                    "$regex": "\\bshow\\ beginner\\b",
                    "$options": "i"
                  }
                },
                {
                  "What you learn": {
                    "$regex": "\\bshow\\ beginner\\b",
                    "$options": "i"
                  }
                },
                {
                  "Category": {
                    "$regex": "\\bshow\\ beginner\\b",
                    "$options": "i"
                  }
                }
              ]
            }
          ]
        },
        "match_count": 0,
        "used_fallback": true,
        "execution_error": null
      },
      "simplilearn": {
        "collection": "SimpliLearn",
        "query": {
          "$and": [
            {
              "$or": [
                {
                  "Title": {
                    "$regex": "\\bfriendly\\ python\\ from\\ udacity\\ and\\ simplilearn\\b",
                    "$options": "i"
                  }
                },
                {
                  "Short Intro": {
                    "$regex": "\\bfriendly\\ python\\ from\\ udacity\\ and\\ simplilearn\\b",
                    "$options": "i"
                  }
                },
                {
                  "Skills": {
                    "$regex": "\\bfriendly\\ python\\ from\\ udacity\\ and\\ simplilearn\\b",
                    "$options": "i"
                  }
                },
                {
                  "Category": {
                    "$regex": "\\bfriendly\\ python\\ from\\ udacity\\ and\\ simplilearn\\b",
                    "$options": "i"
                  }
                },
                {
                  "Title": {
                    "$regex": "\\bshow\\ beginner\\b",
                    "$options": "i"
                  }
                },
                {
                  "Short Intro": {
                    "$regex": "\\bshow\\ beginner\\b",
                    "$options": "i"
                  }
                },
                {
                  "Skills": {
                    "$regex": "\\bshow\\ beginner\\b",
                    "$options": "i"
                  }
                },
                {
                  "Category": {
                    "$regex": "\\bshow\\ beginner\\b",
                    "$options": "i"
                  }
                }
              ]
            }
          ]
        },
        "match_count": 0,
        "used_fallback": true,
        "execution_error": null
      }
    }
  },
  "all_results": []
}