{
  "user_query": "Show me beginner-friendly Python courses from Udacity and SImpliLearn",
  "execution_results": {
    "udacity": {
      "collection": "Udacity",
      "query": {
        "$and": [
          {
            "$or": [
              {
                "Title": {
                  "$regex": "\\bfriendly\\ python\\ from\\ udacity\\ and\\ simplilearn\\b",
                  "$options": "i"
                }
              },
              {
                "Short Intro": {
                  "$regex": "\\bfriendly\\ python\\ from\\ udacity\\ and\\ simplilearn\\b",
                  "$options": "i"
                }
              },
              {
                "What you learn": {
                  "$regex": "\\bfriendly\\ python\\ from\\ udacity\\ and\\ simplilearn\\b",
                  "$options": "i"
                }
              },
              {
                "Category": {
                  "$regex": "\\bfriendly\\ python\\ from\\ udacity\\ and\\ simplilearn\\b",
                  "$options": "i"
                }
              },
              {
                "Title": {
                  "$regex": "\\bshow\\ beginner\\b",
                  "$options": "i"
                }
              },
              {
                "Short Intro": {
                  "$regex": "\\bshow\\ beginner\\b",
                  "$options": "i"
                }
              },
              {
                "What you learn": {
                  "$regex": "\\bshow\\ beginner\\b",
                  "$options": "i"
                }
              },
              {
                "Category": {
                  "$regex": "\\bshow\\ beginner\\b",
                  "$options": "i"
                }
              }
            ]
          }
        ]
      },
      "match_count": 0,
      "used_fallback": true,
      "execution_error": null
    },
    "simplilearn": {
      "collection": "SimpliLearn",
      "query": {
        "$and": [
          {
            "$or": [
              {
                "Title": {
                  "$regex": "\\bfriendly\\ python\\ from\\ udacity\\ and\\ simplilearn\\b",
                  "$options": "i"
                }
              },
              {
                "Short Intro": {
                  "$regex": "\\bfriendly\\ python\\ from\\ udacity\\ and\\ simplilearn\\b",
                  "$options": "i"
                }
              },
              {
                "Skills": {
                  "$regex": "\\bfriendly\\ python\\ from\\ udacity\\ and\\ simplilearn\\b",
                  "$options": "i"
                }
              },
              {
                "Category": {
                  "$regex": "\\bfriendly\\ python\\ from\\ udacity\\ and\\ simplilearn\\b",
                  "$options": "i"
                }
              },
              {
                "Title": {
                  "$regex": "\\bshow\\ beginner\\b",
                  "$options": "i"
                }
              },
              {
                "Short Intro": {
                  "$regex": "\\bshow\\ beginner\\b",
                  "$options": "i"
                }
              },
              {
                "Skills": {
                  "$regex": "\\bshow\\ beginner\\b",
                  "$options": "i"
                }
              },
              {
                "Category": {
                  "$regex": "\\bshow\\ beginner\\b",
                  "$options": "i"
                }
              }
            ]
          }
        ]
      },
      "match_count": 0,
      "used_fallback": true,
      "execution_error": null
    }
  },
  "timestamp": "2025-08-26T21:45:03.598474"
}