{
  "user_query": "Show me courses from FutureLearn related Python",
  "execution_results": {
    "futurelearn": {
      "collection": "FutureLearn",
      "query": {
        "$or": [
          {
            "Title": {
              "$regex": "\\bPython\\b",
              "$options": "i"
            }
          },
          {
            "Short Intro": {
              "$regex": "\\bPython\\b",
              "$options": "i"
            }
          }
        ]
      },
      "match_count": 179,
      "used_fallback": false,
      "execution_error": null
    }
  },
  "timestamp": "2025-08-26T09:38:36.644235"
}