{
  "user_query": "Show me courses based on GUitar Playing and lessons",
  "execution_results": {
    "coursera": {
      "collection": "Coursera",
      "query": {
        "$or": [
          {
            "Short Intro": {
              "$regex": "\\bGuitar Playing\\b",
              "$options": "i"
            }
          },
          {
            "Skills": {
              "$regex": "\\bGuitar Playing\\b",
              "$options": "i"
            }
          },
          {
            "Title": {
              "$regex": "\\bGuitar Playing\\b",
              "$options": "i"
            }
          },
          {
            "Short Intro": {
              "$regex": "\\blessons\\b",
              "$options": "i"
            }
          },
          {
            "Skills": {
              "$regex": "\\blessons\\b",
              "$options": "i"
            }
          },
          {
            "Title": {
              "$regex": "\\blessons\\b",
              "$options": "i"
            }
          }
        ]
      },
      "match_count": 33,
      "used_fallback": false,
      "execution_error": null
    },
    "udacity": {
      "collection": "Udacity",
      "query": {
        "$and": [
          {
            "$or": [
              {
                "Title": {
                  "$regex": "\\bshow\\ based\\ guitar\\ playing\\ and\\ lessons\\b",
                  "$options": "i"
                }
              },
              {
                "Short Intro": {
                  "$regex": "\\bshow\\ based\\ guitar\\ playing\\ and\\ lessons\\b",
                  "$options": "i"
                }
              },
              {
                "What you learn": {
                  "$regex": "\\bshow\\ based\\ guitar\\ playing\\ and\\ lessons\\b",
                  "$options": "i"
                }
              },
              {
                "Category": {
                  "$regex": "\\bshow\\ based\\ guitar\\ playing\\ and\\ lessons\\b",
                  "$options": "i"
                }
              }
            ]
          }
        ]
      },
      "match_count": 0,
      "used_fallback": true,
      "execution_error": null
    },
    "futurelearn": {
      "collection": "FutureLearn",
      "query": {
        "$or": [
          {
            "Short Intro": {
              "$regex": "\\bGuitar Playing\\b",
              "$options": "i"
            }
          },
          {
            "Title": {
              "$regex": "\\bGuitar Playing\\b",
              "$options": "i"
            }
          },
          {
            "Short Intro": {
              "$regex": "\\blessons\\b",
              "$options": "i"
            }
          },
          {
            "Title": {
              "$regex": "\\blessons\\b",
              "$options": "i"
            }
          }
        ]
      },
      "match_count": 21,
      "used_fallback": false,
      "execution_error": null
    },
    "simplilearn": {
      "collection": "SimpliLearn",
      "query": {
        "$and": [
          {
            "$or": [
              {
                "Title": {
                  "$regex": "\\bshow\\ based\\ guitar\\ playing\\ and\\ lessons\\b",
                  "$options": "i"
                }
              },
              {
                "Short Intro": {
                  "$regex": "\\bshow\\ based\\ guitar\\ playing\\ and\\ lessons\\b",
                  "$options": "i"
                }
              },
              {
                "Skills": {
                  "$regex": "\\bshow\\ based\\ guitar\\ playing\\ and\\ lessons\\b",
                  "$options": "i"
                }
              },
              {
                "Category": {
                  "$regex": "\\bshow\\ based\\ guitar\\ playing\\ and\\ lessons\\b",
                  "$options": "i"
                }
              }
            ]
          }
        ]
      },
      "match_count": 0,
      "used_fallback": true,
      "execution_error": null
    }
  },
  "timestamp": "2025-08-25T08:41:44.991395"
}