[
  {
    "title": "Data Science Interview Prep",
    "url": "https://www.udacity.com/course/data-science-interview-prep--ud944",
    "description": "Confidently take on the tech interview",
    "category": "Data Science, Career Development",
    "language": "English",
    "skills": [
      "Python",
      "SQL",
      "Statistics",
      "Probability",
      "Algorithms",
      "Machine Learning",
      "Data Analysis",
      "Problem Solving",
      "Behavioral Interview Skills"
    ],
    "instructors": [],
    "duration": "Estimated timeApprox. 1 Week",
    "site": "Udacity",
    "level": "Intermediate",
    "viewers": 5000,
    "prerequisites": [
      "Students should have experience with the following technical skills:",
      "Python (intermediate)",
      "SQL (intermediate)",
      "Statistics and Probability (intermediate)",
      "Algorithms (Basic)",
      "Supervised Machine Learning (intermediate)",
      "Don't yet have these technical skills but want to master them",
      "Enroll in one of the following Nanodegree programs:",
      "Data Scientist Nanodegree",
      "Data Analyst Nanodegree",
      "Machine Learning Engineer Nanodegree",
      "See the Technology Requirements for using Udacity"
    ],
    "learning_outcomes": [
      "Ace the Data Scientist InterviewExplore jobs and roles in Data ScienceLearn how to effectively solve problemsExplore jobs and roles in Data ScienceLearn how to effectively solve problemsData Analysis Interview PracticeQuery a SQL databaseEvaluate free throw probabilityMaximize difference in an integer array and design a spam classifierQuery a SQL databaseEvaluate free throw probabilityMaximize difference in an integer array and design a spam classifierMachine Learning Interview PracticePredict rain, identify fish, detect plagiarismReduce data dimensionalityExplore how SVMs workPredict rain, identify fish, detect plagiarismReduce data dimensionalityExplore how SVMs workPractice InterviewingPractice Mock Interviews with Pramp",
      "Practice Mock Interviews with Pramp",
      "Behavioral QuestionsMaster behavioral interview questionsLearn how to get past interview \"fails\"Master behavioral interview questionsLearn how to get past interview \"fails\""
    ],
    "price": "Free",
    "provider": "Udacity",
    "original_provider_id": "68ac0cf969e0bdd621a8d8ed",
    "source_provider": "udacity"
  },
  {
    "title": "Learn to Code",
    "url": "https://www.udacity.com/course/intro-to-programming-nanodegree--nd000",
    "description": "Udacity's Intro to Programming is your first step towards careers in Web and App Development, Machine Learning, Data Science, AI, and more! This program is perfect for beginners.",
    "category": "Programming",
    "language": "English",
    "skills": [
      "HTML",
      "CSS",
      "Python",
      "JavaScript",
      "Web Development",
      "App Development"
    ],
    "instructors": [],
    "duration": "4 months to complete",
    "site": "Udacity",
    "level": "Beginner",
    "viewers": 5000,
    "prerequisites": [
      "In order to succeed, we recommend having experience using the web, being able to perform a search on Google, and (most importantly) the determination to keep pushing forward"
    ],
    "learning_outcomes": [
      "Learn the basics of programming through HTML, CSS, Python, and JavaScript",
      "Get extensive practice with hands-on exercises and projects that demonstrate your grasp of coding fundamentals, and build confidence in your ability to think and problem-solve like a programmer"
    ],
    "price": "Paid",
    "provider": "Udacity",
    "original_provider_id": "68ac0cf969e0bdd621a8d8fc",
    "source_provider": "udacity"
  },
  {
    "title": "Learn to Code",
    "url": "https://www.udacity.com/course/intro-to-programming-nanodegree--nd000",
    "description": "Udacity's Intro to Programming is your first step towards careers in Web and App Development, Machine Learning, Data Science, AI, and more! This program is perfect for beginners.",
    "category": "Programming",
    "language": "English",
    "skills": [
      "HTML",
      "CSS",
      "Python",
      "JavaScript",
      "Web Development",
      "App Development",
      "Problem-solving"
    ],
    "instructors": "Udacity",
    "duration": "4 months to complete",
    "site": "Udacity",
    "level": "Beginner",
    "viewers": 5000,
    "prerequisites": [
      "In order to succeed, we recommend having experience using the web, being able to perform a search on Google, and (most importantly) the determination to keep pushing forward"
    ],
    "learning_outcomes": [
      "Learn the basics of programming through HTML, CSS, Python, and JavaScript",
      "Get extensive practice with hands-on exercises and projects that demonstrate your grasp of coding fundamentals, and build confidence in your ability to think and problem-solve like a programmer"
    ],
    "price": "Paid",
    "provider": "Udacity",
    "original_provider_id": "68ac0cf969e0bdd621a8d901",
    "source_provider": "udacity"
  },
  {
    "title": "Programming for Data Science with Python",
    "url": "https://www.udacity.com/course/programming-for-data-science-nanodegree--nd104",
    "description": "Prepare for a data science career by learning the fundamental data programming tools: Python, SQL, command line, and git. ",
    "category": "Data Science",
    "language": "English",
    "skills": [
      "Python",
      "SQL",
      "Command Line",
      "Git"
    ],
    "instructors": [],
    "duration": "3 months to complete",
    "site": "Udacity",
    "level": "Beginner",
    "viewers": 10000,
    "prerequisites": [
      "There are no prerequisites for this program, aside from basic computer skills"
    ],
    "learning_outcomes": [
      "Learn the programming fundamentals required for a career in data science",
      "By the end of the program, you will be able to use Python, SQL, Command Line, and Git"
    ],
    "price": "Paid",
    "provider": "Udacity",
    "original_provider_id": "68ac0cf969e0bdd621a8d905",
    "source_provider": "udacity"
  },
  {
    "title": "How to Become a Data Scientist",
    "url": "https://www.udacity.com/course/data-scientist-nanodegree--nd025",
    "description": "Gain real-world data science experience with projects designed by industry experts. Build your portfolio and advance your data science career. ",
    "category": "Data Science",
    "language": "English",
    "skills": [
      "Data Pipelines",
      "Experiment Design",
      "Recommendation Systems",
      "Cloud Deployment",
      "Machine Learning",
      "Python",
      "Statistics",
      "Probability"
    ],
    "instructors": [],
    "duration": "Estimated 4 months to complete",
    "site": "Udacity",
    "level": "Intermediate",
    "viewers": 50000,
    "prerequisites": [
      "We recommend students are familiar with machine learning concepts, like those in the Intro to Machine Learning Nanodegree Program",
      "In addition, students should be familiar with Python programming, probability, and statistics"
    ],
    "learning_outcomes": [
      "You’ll master the skills necessary to become a successful Data Scientist",
      "You’ll work on projects designed by industry experts, and learn to run data pipelines, design experiments, build recommendation systems, and deploy solutions to the cloud",
      "If you already have experience with machine learning, take this program"
    ],
    "price": "Varies",
    "provider": "Udacity",
    "original_provider_id": "68ac0cf969e0bdd621a8d907",
    "source_provider": "udacity"
  },
  {
    "title": "Learn Intermediate Python",
    "url": "https://www.udacity.com/course/intermediate-python-nanodegree--nd303",
    "description": "Gain practitioner-level skills with Python and learn the language powering transformation in Data Science, Machine Learning, and beyond.",
    "category": "Programming",
    "language": "English",
    "skills": [
      "Python",
      "Data Science",
      "Machine Learning",
      "Web Development",
      "Data Mining"
    ],
    "instructors": [],
    "duration": "Estimated 2 months to complete",
    "site": "Udacity",
    "level": "Intermediate",
    "viewers": 5000,
    "prerequisites": [
      "Basic familiarity with programming in Python"
    ],
    "learning_outcomes": [
      "Python is a general-purpose coding language with applications in web development, data science, machine learning, fintech and more",
      "The Intermediate Python Nanodegree program equips you to leverage the capabilities of Python and streamline the functionality of applications that perform complex tasks, such as classifying files, data mining a webpage, etc",
      "By the end of the program, you’ll have a portfolio that demonstrates your ability to apply practicioner-level Python skills on the job"
    ],
    "price": "Varies",
    "provider": "Udacity",
    "original_provider_id": "68ac0cf969e0bdd621a8d927",
    "source_provider": "udacity"
  },
  {
    "title": "Data Science for Business Leaders",
    "url": "https://www.udacity.com/course/data-science-for-business-leaders--nd045",
    "description": "Master the strategic decision-making skills for the people, platforms, and processes required to leverage the power of Data Science in your business.",
    "category": "Business and Data Science",
    "language": "English",
    "skills": [
      "Strategic Decision-Making",
      "Data Science Strategy",
      "Team Building",
      "Data Science Implementation",
      "Identifying Data Science Opportunities"
    ],
    "instructors": [],
    "duration": "4 - 8 Weeks to complete",
    "site": "Udacity",
    "level": "Intermediate",
    "viewers": 5000,
    "prerequisites": [
      "To optimize your chances of success in this Executive Program, we recommend prior exposure to statistics and probability, as well as experience in business decision-making in an IT or technical environment"
    ],
    "learning_outcomes": [
      "This course provides business leaders and managers with strategies and guidelines for how best to solve the human capital, technological, and management challenges of building data science into the business",
      "Students will gain skills in identifying opportunities for data science across many functional areas of the business, as well as learn the tools to prioritize and execute on those opportunities as part of a data science initiative"
    ],
    "price": "Varies, check Udacity",
    "provider": "Udacity",
    "original_provider_id": "68ac0cf969e0bdd621a8d93b",
    "source_provider": "udacity"
  },
  {
    "title": "Programming for Data Science with R",
    "url": "https://www.udacity.com/course/programming-for-data-science-nanodegree-with-R--nd118",
    "description": "Prepare for a data science career by learning the fundamental data programming tools: R, SQL, command line, and git. ",
    "category": "Data Science",
    "language": "English",
    "skills": [
      "R",
      "SQL",
      "Command Line",
      "Git",
      "Data Programming"
    ],
    "instructors": [],
    "duration": "3 months to complete",
    "site": "Udacity",
    "level": "Beginner",
    "viewers": 5000,
    "prerequisites": [
      "There are no prerequisites for this program, aside from basic computer skills"
    ],
    "learning_outcomes": [
      "Learn the programming fundamentals required for a career in data science",
      "By the end of the program, you will be able to use R, SQL, Command Line, and Git"
    ],
    "price": "Paid",
    "provider": "Udacity",
    "original_provider_id": "68ac0cf969e0bdd621a8d943",
    "source_provider": "udacity"
  },
  {
    "title": "Statistics for Data Science",
    "url": "https://www.udacity.com/course/statistics-for-data-science--cd0005",
    "description": "Deepen your analytical skills with this beginner-friendly course in real-world statistics. This course will teach you the statistical concepts & techniques you need to conduct rigorous inferential analyses and draw accurate conclusions from data sets.",
    "category": "Data Science",
    "language": "English",
    "skills": [
      "Statistics",
      "Data Analysis",
      "Inferential Analysis",
      "Regression Models",
      "AB Testing"
    ],
    "instructors": null,
    "duration": "1 month to complete",
    "site": "Udacity",
    "level": "Beginner",
    "viewers": 5000,
    "prerequisites": [
      "Python & SQL"
    ],
    "learning_outcomes": [
      "A solid foundation in statistics is essential to making sense of data in any field, but most courses focus on theory, rather than modern use cases",
      "This course is designed to cut through the noise and teach you the concepts and techniques you need to know to tackle common real-world challenges, such as analyzing AB tests and building regression models"
    ],
    "price": "Free",
    "provider": "Udacity",
    "original_provider_id": "68ac0cf969e0bdd621a8d94a",
    "source_provider": "udacity"
  },
  {
    "title": "Introduction to Data Analysis",
    "url": "https://www.udacity.com/course/intro-to-data-analysis--cd0000",
    "description": "Start your data science journey right with this hands-on introduction to the discipline of data analysis. In this course you'll learn the 5 key stages of the data analysis process and apply them to real data sets using Python libraries NumPy, pandas, and Matplotlib.",
    "category": "Data Science",
    "language": "English",
    "skills": [
      "Data Analysis",
      "Python",
      "NumPy",
      "Pandas",
      "Matplotlib"
    ],
    "instructors": [],
    "duration": "1 month to complete",
    "site": "Udacity",
    "level": "Beginner",
    "viewers": 5000,
    "prerequisites": [
      "Basic Python programming"
    ],
    "learning_outcomes": [
      "Data analysis is a rigorous discipline that can reveal illuminating insights, but a strong grasp of the fundamentals is essential to generating accurate, useful results",
      "This hands-on course will teach you the industry-standard framework for analyzing data of any kind, and show you how to apply it using some of the most popular tools in data science"
    ],
    "price": "Free",
    "provider": "Udacity",
    "original_provider_id": "68ac0cf969e0bdd621a8d952",
    "source_provider": "udacity"
  },
  {
    "title": "Introduction to Data Science",
    "url": "https://www.udacity.com/course/introduction-to-data-science--cd0017",
    "description": "Learn one of the most battle-tested, internationally-recognized processes for solving data-science problems. Upon completing this course, you’ll have a reliable system for tackling data challenges, as well as the skills & know-how to share your findings with the world.",
    "category": "Data Science",
    "language": "English",
    "skills": [
      "Data Science",
      "Data Analysis",
      "Data Visualization",
      "Problem Solving",
      "Communication",
      "Methodology"
    ],
    "instructors": [],
    "duration": "1 month to complete",
    "site": "Udacity",
    "level": "Introductory",
    "viewers": 5000,
    "prerequisites": [
      "Python, SQL, Statistics, Machine Learning"
    ],
    "learning_outcomes": [
      "Data Science as a practice spans a staggering variety of industries, each of which has its own methods for working with data",
      "To succeed professionally as a Data Scientist, you need a consistent methodology that will translate across different fields",
      "In this course, you’ll learn the most widely-used system for conducting data science, as well as how to publish your work online so others can learn from and build on it"
    ],
    "price": "Free",
    "provider": "Udacity",
    "original_provider_id": "68ac0cf969e0bdd621a8d956",
    "source_provider": "udacity"
  },
  {
    "title": "Experimental Design & Recommendations",
    "url": "https://www.udacity.com/course/experimental-design-and-recommendations--cd0019",
    "description": "Learn two of the most in-demand skills in the entire field of data science! By the end of this course, you’ll know how to generate personalized recommendations based on user data, as well as run statistically valid tests that produce clean, interpretable results.",
    "category": "Data Science",
    "language": "English",
    "skills": [
      "Experimental Design",
      "A/B Testing",
      "Recommendation Systems",
      "Statistical Analysis",
      "Data Analysis",
      "Python",
      "Machine Learning"
    ],
    "instructors": [],
    "duration": "1 month to complete",
    "site": "Udacity",
    "level": "Intermediate",
    "viewers": 5000,
    "prerequisites": [
      "Python, Statistics, Machine Learning"
    ],
    "learning_outcomes": [
      "The world’s leading tech companies — including Amazon, Netflix, and Spotify — all use recommendation engines to engage their users and experiments to improve their products",
      "In this course, you’ll get a comprehensive breakdown of the techniques and considerations that go into building these systems (including pitfalls that invalidate your results if you’re not careful",
      "You’ll also complete two hands-on projects using real data from Starbucks and IBM’s Watson Studio platform"
    ],
    "price": "Paid",
    "provider": "Udacity",
    "original_provider_id": "68ac0cf969e0bdd621a8d958",
    "source_provider": "udacity"
  }
]