{
  "user_query": "SHow me some Course related to GEOGRAPHY",
  "generated_queries": {
    "coursera": {
      "$or": [
        {
          "Main Category": {
            "$regex": "\\bGeography\\b",
            "$options": "i"
          }
        },
        {
          "Sub-Category": {
            "$regex": "\\bGeography\\b",
            "$options": "i"
          }
        },
        {
          "Brief Description": {
            "$regex": "\\bGeography\\b",
            "$options": "i"
          }
        },
        {
          "Skills Covered": {
            "$regex": "\\bGeography\\b",
            "$options": "i"
          }
        },
        {
          "Course Title": {
            "$regex": "\\bGeography\\b",
            "$options": "i"
          }
        }
      ]
    },
    "udacity": {
      "$or": [
        {
          "Brief Description": {
            "$regex": "\\bGeography\\b",
            "$options": "i"
          }
        },
        {
          "Course Title": {
            "$regex": "\\bGeography\\b",
            "$options": "i"
          }
        }
      ]
    },
    "futurelearn": {
      "$or": [
        {
          "Main Category": {
            "$regex": "\\bGeography\\b",
            "$options": "i"
          }
        },
        {
          "Brief Description": {
            "$regex": "\\bGeography\\b",
            "$options": "i"
          }
        },
        {
          "Course Title": {
            "$regex": "\\bGeography\\b",
            "$options": "i"
          }
        }
      ]
    },
    "simplilearn": {
      "$or": [
        {
          "Main Category": {
            "$regex": "\\bGeography\\b",
            "$options": "i"
          }
        },
        {
          "Brief Description": {
            "$regex": "\\bGeography\\b",
            "$options": "i"
          }
        },
        {
          "Skills Covered": {
            "$regex": "\\bGeography\\b",
            "$options": "i"
          }
        },
        {
          "Course Title": {
            "$regex": "\\bGeography\\b",
            "$options": "i"
          }
        }
      ]
    }
  },
  "timestamp": "2025-08-26T23:23:09.068719"
}