{
  "timestamp": "2025-08-26T16:29:59.609274",
  "user_query": "Give some course of SimpliLearn & FutureLearn based on Geography",
  "debug_info": {
    "user_query": "Give some course of SimpliLearn & FutureLearn based on Geography",
    "llm_generated_queries": {
      "simplilearn": {
        "$or": [
          {
            "Main Category": {
              "$regex": "\\bGeography\\b",
              "$options": "i"
            }
          },
          {
            "Brief Description": {
              "$regex": "\\bGeography\\b",
              "$options": "i"
            }
          },
          {
            "Skills Covered": {
              "$regex": "\\bGeography\\b",
              "$options": "i"
            }
          }
        ]
      },
      "futurelearn": {
        "$or": [
          {
            "Main Category": {
              "$regex": "\\bGeography\\b",
              "$options": "i"
            }
          },
          {
            "Brief Description": {
              "$regex": "\\bGeography\\b",
              "$options": "i"
            }
          }
        ]
      }
    },
    "execution_results": {
      "simplilearn": {
        "collection": "SimpliLearn",
        "query": {
          "$and": [
            {
              "$or": [
                {
                  "Title": {
                    "$regex": "\\bgive\\ some\\ simplilearn\\b",
                    "$options": "i"
                  }
                },
                {
                  "Short Intro": {
                    "$regex": "\\bgive\\ some\\ simplilearn\\b",
                    "$options": "i"
                  }
                },
                {
                  "Skills": {
                    "$regex": "\\bgive\\ some\\ simplilearn\\b",
                    "$options": "i"
                  }
                },
                {
                  "Category": {
                    "$regex": "\\bgive\\ some\\ simplilearn\\b",
                    "$options": "i"
                  }
                },
                {
                  "Title": {
                    "$regex": "\\bfuturelearn\\ based\\ geography\\b",
                    "$options": "i"
                  }
                },
                {
                  "Short Intro": {
                    "$regex": "\\bfuturelearn\\ based\\ geography\\b",
                    "$options": "i"
                  }
                },
                {
                  "Skills": {
                    "$regex": "\\bfuturelearn\\ based\\ geography\\b",
                    "$options": "i"
                  }
                },
                {
                  "Category": {
                    "$regex": "\\bfuturelearn\\ based\\ geography\\b",
                    "$options": "i"
                  }
                }
              ]
            }
          ]
        },
        "match_count": 0,
        "used_fallback": true,
        "execution_error": null
      },
      "futurelearn": {
        "collection": "FutureLearn",
        "query": {
          "$or": [
            {
              "Category": {
                "$regex": "\\bGeography\\b",
                "$options": "i"
              }
            },
            {
              "Short Intro": {
                "$regex": "\\bGeography\\b",
                "$options": "i"
              }
            }
          ]
        },
        "match_count": 8,
        "used_fallback": false,
        "execution_error": null
      }
    }
  },
  "all_results": [
    {
      "provider": "futurelearn",
      "original_data": {
        "_id": "68ac020f69e0bdd621a8c8ce",
        "Title": "Planet Earth: Understanding and Protecting our Environment",
        "URL": "https://www.futurelearn.com/courses/planet-earth",
        "Short Intro": "Learn about the physical geography of Earth and discover how to use this knowledge to protect our natural environment. ",
        "Duration": "2 weeks",
        "Site": "Future Learn",
        "Courses": "62 Courses",
        "Topics related to CRM": "Agriculture / Biology & Biotechnology / Chemistry / Earth Science / Ecology / Food Tech / Physics / Sustainability / Agriculture / Biology & Biotechnology / Chemistry / Earth Science / Ecology / Food Tech / Physics / Sustainability / ",
        "ExpertTracks": "1 Microcredential",
        "Course Title": "Planet Earth: Understanding and Protecting our Environment",
        "Course URL": "https://www.futurelearn.com/courses/planet-earth",
        "Course Short Intro": "Learn about the physical geography of Earth and discover how to use this knowledge to protect our natural environment. ",
        "Weekly study": "3 hours"
      },
      "unified_data": {
        "title": "Planet Earth: Understanding and Protecting our Environment",
        "url": "https://www.futurelearn.com/courses/planet-earth",
        "description": "Learn about the physical geography of Earth and discover how to use this knowledge to protect our natural environment. ",
        "category": "Environmental Science",
        "language": "English",
        "skills": [
          "Environmental Awareness",
          "Geography",
          "Environmental Protection",
          "Sustainability"
        ],
        "instructors": "Unknown",
        "duration": "2 weeks",
        "site": "Future Learn",
        "level": "Introductory",
        "viewers": 5000,
        "prerequisites": [
          "None"
        ],
        "learning_outcomes": "Understand Earth's physical geography. Learn how to apply geographical knowledge to protect the natural environment. Develop an awareness of sustainability.",
        "price": "Free",
        "provider": "Futurelearn"
      }
    },
    {
      "provider": "futurelearn",
      "original_data": {
        "_id": "68ac020f69e0bdd621a8ca72",
        "Title": "Planet Earth: Understanding and Protecting our Environment",
        "URL": "https://www.futurelearn.com/courses/planet-earth",
        "Short Intro": "Learn about the physical geography of Earth and discover how to use this knowledge to protect our natural environment. ",
        "Duration": "2 weeks",
        "Site": "Future Learn",
        "Courses": "26 Courses",
        "Topics related to CRM": "Agriculture / Biology & Biotechnology / Chemistry / Climate Change / Ecology / Food Tech / Sustainability / Agriculture / Biology & Biotechnology / Chemistry / Climate Change / Ecology / Food Tech / Sustainability / ",
        "ExpertTracks": "1 ExpertTracks",
        "Course Title": "Planet Earth: Understanding and Protecting our Environment",
        "Course URL": "https://www.futurelearn.com/courses/planet-earth",
        "Course Short Intro": "Learn about the physical geography of Earth and discover how to use this knowledge to protect our natural environment. ",
        "Weekly study": "3 hours"
      },
      "unified_data": {
        "title": "Planet Earth: Understanding and Protecting our Environment",
        "url": "https://www.futurelearn.com/courses/planet-earth",
        "description": "Learn about the physical geography of Earth and discover how to use this knowledge to protect our natural environment. ",
        "category": "Environmental Science",
        "language": "English",
        "skills": [
          "Physical Geography",
          "Environmental Protection",
          "Sustainability",
          "Climate Change"
        ],
        "instructors": "Unknown",
        "duration": "2 weeks",
        "site": "Future Learn",
        "level": "Introductory",
        "viewers": "1000+",
        "prerequisites": "None",
        "learning_outcomes": "Understand Earth's physical geography and apply this knowledge to protect our natural environment. Explore key concepts related to climate change and sustainability.",
        "price": "Free",
        "provider": "Futurelearn"
      }
    },
    {
      "provider": "futurelearn",
      "original_data": {
        "_id": "68ac021069e0bdd621a8d272",
        "Title": "Intermediate German: Countries and Landscapes",
        "URL": "https://www.futurelearn.com/courses/intermediate-german-deutsch-im-kontext-l-nder-und-landschaften",
        "Short Intro": "Examine the human and physical geography of German-speaking countries and the language used to discuss them. ",
        "Duration": "4 weeks",
        "Site": "Future Learn",
        "Courses": "138 Courses",
        "Topics related to CRM": "IELTS / Learn Chinese / Learn English / Learn Irish / Learn Norwegian / Linguistics / IELTS / Learn Chinese / Learn English / Learn Irish / Learn Norwegian / Linguistics / ",
        "ExpertTracks": "18 ExpertTracks",
        "Course Title": "Intermediate German: Countries and Landscapes",
        "Course URL": "https://www.futurelearn.com/courses/intermediate-german-deutsch-im-kontext-l-nder-und-landschaften",
        "Course Short Intro": "Examine the human and physical geography of German-speaking countries and the language used to discuss them. ",
        "Weekly study": "4 hours",
        "Premium course": " After your free trial you can: Pay $39 per month to keep learning online Have complete control over your subscription; you can cancel any time Work at your own pace and set your own deadlines at every stage Only pay while youâ€™re learning; the subscription will cancel automatically when you finish Complete online assessments to test your knowledge and prove your skills Earn digital course certificates and a final award that you can share online, with potential employers, and your professional network Keep access to the content of courses you complete even after your subscription ends"
      },
      "unified_data": {
        "title": "Intermediate German: Countries and Landscapes",
        "url": "https://www.futurelearn.com/courses/intermediate-german-deutsch-im-kontext-l-nder-und-landschaften",
        "description": "Examine the human and physical geography of German-speaking countries and the language used to discuss them. ",
        "category": "Language Learning",
        "language": "German",
        "skills": [
          "German Language",
          "Geography",
          "Cultural Awareness",
          "Communication Skills"
        ],
        "instructors": [],
        "duration": "4 weeks",
        "site": "Future Learn",
        "level": "Intermediate",
        "viewers": 500,
        "prerequisites": [
          "Basic German language skills (A1/A2 level)",
          "Familiarity with basic German grammar and vocabulary"
        ],
        "learning_outcomes": "Understand and discuss the human and physical geography of German-speaking countries. Enhance German language skills related to describing landscapes and cultural aspects. Improve vocabulary and communication abilities in German.",
        "price": " After your free trial you can: Pay $39 per month to keep learning online Have complete control over your subscription; you can cancel any time Work at your own pace and set your own deadlines at every stage Only pay while youâ€™re learning; the subscription will cancel automatically when you finish Complete online assessments to test your knowledge and prove your skills Earn digital course certificates and a final award that you can share online, with potential employers, and your professional network Keep access to the content of courses you complete even after your subscription ends",
        "provider": "Futurelearn"
      }
    },
    {
      "provider": "futurelearn",
      "original_data": {
        "_id": "68ac021069e0bdd621a8d332",
        "Title": "Planet Earth: Understanding and Protecting our Environment",
        "URL": "https://www.futurelearn.com/courses/planet-earth",
        "Short Intro": "Learn about the physical geography of Earth and discover how to use this knowledge to protect our natural environment. ",
        "Duration": "2 weeks",
        "Site": "Future Learn",
        "Courses": "233 Courses",
        "Topics related to CRM": "Agriculture / Climate Change / Ecology / Food Tech / Sustainability / Agriculture / Climate Change / Ecology / Food Tech / Sustainability / ",
        "ExpertTracks": "5 ExpertTracks",
        "FAQs": "Learn flexibly online /Buy a course upgrade or subscribe to Unlimited for extra benefits /Boost your career /",
        "Course Title": "Planet Earth: Understanding and Protecting our Environment",
        "Course URL": "https://www.futurelearn.com/courses/planet-earth",
        "Course Short Intro": "Learn about the physical geography of Earth and discover how to use this knowledge to protect our natural environment. ",
        "Weekly study": "3 hours"
      },
      "unified_data": {
        "title": "Planet Earth: Understanding and Protecting our Environment",
        "url": "https://www.futurelearn.com/courses/planet-earth",
        "description": "Learn about the physical geography of Earth and discover how to use this knowledge to protect our natural environment. ",
        "category": "Environmental Science",
        "language": "English",
        "skills": [
          "Environmental Awareness",
          "Geographic Knowledge",
          "Environmental Protection"
        ],
        "instructors": [
          "To be determined (FutureLearn courses often have multiple instructors)"
        ],
        "duration": "2 weeks",
        "site": "Future Learn",
        "level": "Introductory",
        "viewers": 10000,
        "prerequisites": [
          "None (basic understanding of science helpful)"
        ],
        "learning_outcomes": [
          "Understand Earth's physical geography and its various systems. Learn how geographical knowledge can be applied to environmental protection and sustainability efforts."
        ],
        "price": "Free (with option to upgrade)",
        "provider": "Futurelearn"
      }
    },
    {
      "provider": "futurelearn",
      "original_data": {
        "_id": "68ac021069e0bdd621a8d378",
        "Title": "Intermediate German: Countries and Landscapes",
        "URL": "https://www.futurelearn.com/courses/intermediate-german-deutsch-im-kontext-l-nder-und-landschaften",
        "Short Intro": "Examine the human and physical geography of German-speaking countries and the language used to discuss them. ",
        "Duration": "4 weeks",
        "Site": "Future Learn",
        "Courses": "233 Courses",
        "Topics related to CRM": "Agriculture / Climate Change / Ecology / Food Tech / Sustainability / Agriculture / Climate Change / Ecology / Food Tech / Sustainability / ",
        "ExpertTracks": "5 ExpertTracks",
        "FAQs": "Learn flexibly online /Buy a course upgrade or subscribe to Unlimited for extra benefits /Boost your career /",
        "Course Title": "Intermediate German: Countries and Landscapes",
        "Course URL": "https://www.futurelearn.com/courses/intermediate-german-deutsch-im-kontext-l-nder-und-landschaften",
        "Course Short Intro": "Examine the human and physical geography of German-speaking countries and the language used to discuss them. ",
        "Weekly study": "4 hours",
        "Premium course": " After your free trial you can: Pay $39 per month to keep learning online Have complete control over your subscription; you can cancel any time Work at your own pace and set your own deadlines at every stage Only pay while youâ€™re learning; the subscription will cancel automatically when you finish Complete online assessments to test your knowledge and prove your skills Earn digital course certificates and a final award that you can share online, with potential employers, and your professional network Keep access to the content of courses you complete even after your subscription ends"
      },
      "unified_data": {
        "title": "Intermediate German: Countries and Landscapes",
        "url": "https://www.futurelearn.com/courses/intermediate-german-deutsch-im-kontext-l-nder-und-landschaften",
        "description": "Examine the human and physical geography of German-speaking countries and the language used to discuss them. ",
        "category": "Language Learning",
        "language": "German",
        "skills": [
          "German language",
          "Geography",
          "Cultural awareness",
          "Descriptive language"
        ],
        "instructors": [],
        "duration": "4 weeks",
        "site": "Future Learn",
        "level": "Intermediate",
        "viewers": 500,
        "prerequisites": [
          "Basic German language skills (A1/A2 level)",
          "Familiarity with basic German grammar and vocabulary"
        ],
        "learning_outcomes": "Examine geography of German-speaking countries and related language use. Develop skills to discuss human and physical geography in German. Enhance vocabulary related to countries and landscapes.",
        "price": " After your free trial you can: Pay $39 per month to keep learning online Have complete control over your subscription; you can cancel any time Work at your own pace and set your own deadlines at every stage Only pay while youâ€™re learning; the subscription will cancel automatically when you finish Complete online assessments to test your knowledge and prove your skills Earn digital course certificates and a final award that you can share online, with potential employers, and your professional network Keep access to the content of courses you complete even after your subscription ends",
        "provider": "Futurelearn"
      }
    },
    {
      "provider": "futurelearn",
      "original_data": {
        "_id": "68ac021069e0bdd621a8d2b5",
        "Title": "Intermediate French: People and Places",
        "URL": "https://www.futurelearn.com/courses/french-intermediate-la-francophonie-people-and-places",
        "Short Intro": "Gain an introduction to the physical and human geography of France and explore the language used to speak about them.",
        "Duration": "4 weeks",
        "Site": "Future Learn",
        "Courses": "138 Courses",
        "Topics related to CRM": "IELTS / Learn Chinese / Learn English / Learn Irish / Learn Norwegian / Linguistics / IELTS / Learn Chinese / Learn English / Learn Irish / Learn Norwegian / Linguistics / ",
        "ExpertTracks": "18 ExpertTracks",
        "Course Title": "Intermediate French: People and Places",
        "Course URL": "https://www.futurelearn.com/courses/french-intermediate-la-francophonie-people-and-places",
        "Course Short Intro": "Gain an introduction to the physical and human geography of France and explore the language used to speak about them.",
        "Weekly study": "4 hours",
        "Premium course": " After your free trial you can: Pay $39 per month to keep learning online Have complete control over your subscription; you can cancel any time Work at your own pace and set your own deadlines at every stage Only pay while youâ€™re learning; the subscription will cancel automatically when you finish Complete online assessments to test your knowledge and prove your skills Earn digital course certificates and a final award that you can share online, with potential employers, and your professional network Keep access to the content of courses you complete even after your subscription ends"
      },
      "unified_data": {
        "title": "Intermediate French: People and Places",
        "url": "https://www.futurelearn.com/courses/french-intermediate-la-francophonie-people-and-places",
        "description": "Gain an introduction to the physical and human geography of France and explore the language used to speak about them.",
        "category": "Language Learning",
        "language": "French",
        "skills": [
          "French Language",
          "French Geography",
          "Communication",
          "Vocabulary",
          "Cultural Awareness"
        ],
        "instructors": [],
        "duration": "4 weeks",
        "site": "Future Learn",
        "level": "Intermediate",
        "viewers": 5000,
        "prerequisites": [
          "Basic French language skills (A1/A2 level)",
          "Familiarity with basic French grammar",
          "Ability to understand simple spoken and written French"
        ],
        "learning_outcomes": "Understand the physical and human geography of France. Develop language skills to discuss geographical topics. Expand vocabulary related to places and people in France. Improve comprehension of French in context.",
        "price": " After your free trial you can: Pay $39 per month to keep learning online Have complete control over your subscription; you can cancel any time Work at your own pace and set your own deadlines at every stage Only pay while youâ€™re learning; the subscription will cancel automatically when you finish Complete online assessments to test your knowledge and prove your skills Earn digital course certificates and a final award that you can share online, with potential employers, and your professional network Keep access to the content of courses you complete even after your subscription ends",
        "provider": "Futurelearn"
      }
    },
    {
      "provider": "futurelearn",
      "original_data": {
        "_id": "68ac021069e0bdd621a8d3dc",
        "Title": "Intermediate French: People and Places",
        "URL": "https://www.futurelearn.com/courses/french-intermediate-la-francophonie-people-and-places",
        "Short Intro": "Gain an introduction to the physical and human geography of France and explore the language used to speak about them.",
        "Duration": "4 weeks",
        "Site": "Future Learn",
        "Courses": "233 Courses",
        "Topics related to CRM": "Agriculture / Climate Change / Ecology / Food Tech / Sustainability / Agriculture / Climate Change / Ecology / Food Tech / Sustainability / ",
        "ExpertTracks": "5 ExpertTracks",
        "FAQs": "Learn flexibly online /Buy a course upgrade or subscribe to Unlimited for extra benefits /Boost your career /",
        "Course Title": "Intermediate French: People and Places",
        "Course URL": "https://www.futurelearn.com/courses/french-intermediate-la-francophonie-people-and-places",
        "Course Short Intro": "Gain an introduction to the physical and human geography of France and explore the language used to speak about them.",
        "Weekly study": "4 hours",
        "Premium course": " After your free trial you can: Pay $39 per month to keep learning online Have complete control over your subscription; you can cancel any time Work at your own pace and set your own deadlines at every stage Only pay while youâ€™re learning; the subscription will cancel automatically when you finish Complete online assessments to test your knowledge and prove your skills Earn digital course certificates and a final award that you can share online, with potential employers, and your professional network Keep access to the content of courses you complete even after your subscription ends"
      },
      "unified_data": {
        "title": "Intermediate French: People and Places",
        "url": "https://www.futurelearn.com/courses/french-intermediate-la-francophonie-people-and-places",
        "description": "Gain an introduction to the physical and human geography of France and explore the language used to speak about them.",
        "category": "Language Learning",
        "language": "French",
        "skills": [
          "French Language",
          "Geography",
          "Cultural Awareness",
          "Communication"
        ],
        "instructors": [],
        "duration": "4 weeks",
        "site": "Future Learn",
        "level": "Intermediate",
        "viewers": 500,
        "prerequisites": [
          "Basic French language skills",
          "Familiarity with French grammar and vocabulary"
        ],
        "learning_outcomes": "Understand the physical and human geography of France. Learn relevant vocabulary to discuss people and places. Improve intermediate-level French comprehension and communication skills related to geographical and cultural topics.",
        "price": " After your free trial you can: Pay $39 per month to keep learning online Have complete control over your subscription; you can cancel any time Work at your own pace and set your own deadlines at every stage Only pay while youâ€™re learning; the subscription will cancel automatically when you finish Complete online assessments to test your knowledge and prove your skills Earn digital course certificates and a final award that you can share online, with potential employers, and your professional network Keep access to the content of courses you complete even after your subscription ends",
        "provider": "Futurelearn"
      }
    },
    {
      "provider": "futurelearn",
      "original_data": {
        "_id": "68ac021069e0bdd621a8d58e",
        "Title": "Planet Earth: Understanding and Protecting our Environment",
        "URL": "https://www.futurelearn.com/courses/planet-earth",
        "Short Intro": "Learn about the physical geography of Earth and discover how to use this knowledge to protect our natural environment. ",
        "Duration": "2 weeks",
        "Site": "Future Learn",
        "Courses": "259 Courses",
        "Topics related to CRM": "Biology & Biotechnology / Chemistry / Data Science / Earth Science / Economics / Engineering / Maths / Physics / Statistics / Biology & Biotechnology / Chemistry / Data Science / Earth Science / Economics / Engineering / Maths / Physics / Statistics / ",
        "ExpertTracks": "10 ExpertTracks",
        "Course Title": "Planet Earth: Understanding and Protecting our Environment",
        "Course URL": "https://www.futurelearn.com/courses/planet-earth",
        "Course Short Intro": "Learn about the physical geography of Earth and discover how to use this knowledge to protect our natural environment. ",
        "Weekly study": "3 hours"
      },
      "unified_data": {
        "title": "Planet Earth: Understanding and Protecting our Environment",
        "url": "https://www.futurelearn.com/courses/planet-earth",
        "description": "Learn about the physical geography of Earth and discover how to use this knowledge to protect our natural environment. ",
        "category": "Environmental Science",
        "language": "English",
        "skills": [
          "Environmental Awareness",
          "Geoscience",
          "Environmental Protection",
          "Sustainability"
        ],
        "instructors": [],
        "duration": "2 weeks",
        "site": "Future Learn",
        "level": "Introductory",
        "viewers": 1000,
        "prerequisites": [
          "Basic understanding of science concepts recommended"
        ],
        "learning_outcomes": "Understand Earth's physical geography and its impact on the environment. Learn how this knowledge contributes to protecting our natural world and promoting sustainable practices.",
        "price": "Free",
        "provider": "Futurelearn"
      }
    }
  ]
}