{
  "user_query": "Give some course of SimpliLearn & FutureLearn based on Geography",
  "generated_queries": {
    "simplilearn": {
      "$or": [
        {
          "Main Category": {
            "$regex": "\\bGeography\\b",
            "$options": "i"
          }
        },
        {
          "Brief Description": {
            "$regex": "\\bGeography\\b",
            "$options": "i"
          }
        },
        {
          "Skills Covered": {
            "$regex": "\\bGeography\\b",
            "$options": "i"
          }
        }
      ]
    },
    "futurelearn": {
      "$or": [
        {
          "Main Category": {
            "$regex": "\\bGeography\\b",
            "$options": "i"
          }
        },
        {
          "Brief Description": {
            "$regex": "\\bGeography\\b",
            "$options": "i"
          }
        }
      ]
    }
  },
  "timestamp": "2025-08-26T16:29:59.604734"
}