{
  "user_query": "Give some course of SimpliLearn & FutureLearn based on Geography",
  "execution_results": {
    "simplilearn": {
      "collection": "SimpliLearn",
      "query": {
        "$and": [
          {
            "$or": [
              {
                "Title": {
                  "$regex": "\\bgive\\ some\\ simplilearn\\b",
                  "$options": "i"
                }
              },
              {
                "Short Intro": {
                  "$regex": "\\bgive\\ some\\ simplilearn\\b",
                  "$options": "i"
                }
              },
              {
                "Skills": {
                  "$regex": "\\bgive\\ some\\ simplilearn\\b",
                  "$options": "i"
                }
              },
              {
                "Category": {
                  "$regex": "\\bgive\\ some\\ simplilearn\\b",
                  "$options": "i"
                }
              },
              {
                "Title": {
                  "$regex": "\\bfuturelearn\\ based\\ geography\\b",
                  "$options": "i"
                }
              },
              {
                "Short Intro": {
                  "$regex": "\\bfuturelearn\\ based\\ geography\\b",
                  "$options": "i"
                }
              },
              {
                "Skills": {
                  "$regex": "\\bfuturelearn\\ based\\ geography\\b",
                  "$options": "i"
                }
              },
              {
                "Category": {
                  "$regex": "\\bfuturelearn\\ based\\ geography\\b",
                  "$options": "i"
                }
              }
            ]
          }
        ]
      },
      "match_count": 0,
      "used_fallback": true,
      "execution_error": null
    },
    "futurelearn": {
      "collection": "FutureLearn",
      "query": {
        "$or": [
          {
            "Category": {
              "$regex": "\\bGeography\\b",
              "$options": "i"
            }
          },
          {
            "Short Intro": {
              "$regex": "\\bGeography\\b",
              "$options": "i"
            }
          }
        ]
      },
      "match_count": 8,
      "used_fallback": false,
      "execution_error": null
    }
  },
  "timestamp": "2025-08-26T16:29:59.607162"
}