{
  "timestamp": "2025-08-26T08:54:55.769331",
  "user_query": "Show me 10 Python related course from SimpliLearn",
  "debug_info": {
    "user_query": "Show me 10 Python related course from SimpliLearn",
    "llm_generated_queries": {
      "simplilearn": {
        "$and": [
          {
            "$or": [
              {
                "Skills Covered": {
                  "$regex": "\\bPython\\b",
                  "$options": "i"
                }
              },
              {
                "Course Title": {
                  "$regex": "\\bPython\\b",
                  "$options": "i"
                }
              }
            ]
          },
          {
            "$limit": 10
          }
        ]
      }
    },
    "execution_results": {
      "simplilearn": {
        "collection": "SimpliLearn",
        "query": {
          "$and": [
            {
              "$or": [
                {
                  "Skills": {
                    "$regex": "\\bPython\\b",
                    "$options": "i"
                  }
                },
                {
                  "Title": {
                    "$regex": "\\bPython\\b",
                    "$options": "i"
                  }
                }
              ]
            },
            {
              "$limit": 10
            }
          ]
        },
        "match_count": 0,
        "used_fallback": false,
        "execution_error": "Failed to execute query for simplilearn: unknown top level operator: $limit. If you have a field name that starts with a '$' symbol, consider using $getField or $setField., full error: {'ok': 0.0, 'errmsg': \"unknown top level operator: $limit. If you have a field name that starts with a '$' symbol, consider using $getField or $setField.\", 'code': 2, 'codeName': 'BadValue', '$clusterTime': {'clusterTime': Timestamp(1756198499, 12), 'signature': {'hash': b']\\xa1\\xcdxC\\x1a7}\\xb8\\x8f\\x01\\x9e\\x8co;]\\xa5m\\x9f\\xc3', 'keyId': 7486364013970849793}}, 'operationTime': Timestamp(1756198499, 12)}"
      }
    }
  },
  "all_results": []
}