{
  "user_query": "Show me MATLAB course from coursera",
  "execution_results": {
    "coursera": {
      "collection": "Coursera",
      "query": {
        "$or": [
          {
            "Title": {
              "$regex": "\\bMATLAB\\b",
              "$options": "i"
            }
          },
          {
            "Short Intro": {
              "$regex": "\\bMATLAB\\b",
              "$options": "i"
            }
          },
          {
            "Skills": {
              "$regex": "\\bMATLAB\\b",
              "$options": "i"
            }
          }
        ]
      },
      "match_count": 18,
      "used_fallback": false,
      "execution_error": null
    }
  },
  "timestamp": "2025-08-27T23:35:14.134081"
}