{
  "timestamp": "2025-08-25T08:38:42.851295",
  "user_query": "show me all coursera courses related to AUtoCad and Civil ENgineering",
  "debug_info": {
    "user_query": "show me all coursera courses related to AUtoCad and Civil ENgineering",
    "llm_generated_queries": {
      "coursera": {
        "$and": [
          {
            "$or": [
              {
                "Course Title": {
                  "$regex": "\\bAutoCad\\b",
                  "$options": "i"
                }
              },
              {
                "Brief Description": {
                  "$regex": "\\bAutoCad\\b",
                  "$options": "i"
                }
              },
              {
                "Skills Covered": {
                  "$regex": "\\bAutoCad\\b",
                  "$options": "i"
                }
              }
            ]
          },
          {
            "$or": [
              {
                "Course Title": {
                  "$regex": "\\bCivil Engineering\\b",
                  "$options": "i"
                }
              },
              {
                "Brief Description": {
                  "$regex": "\\bCivil Engineering\\b",
                  "$options": "i"
                }
              },
              {
                "Skills Covered": {
                  "$regex": "\\bCivil Engineering\\b",
                  "$options": "i"
                }
              },
              {
                "Main Category": {
                  "$regex": "\\bCivil Engineering\\b",
                  "$options": "i"
                }
              },
              {
                "Sub-Category": {
                  "$regex": "\\bCivil Engineering\\b",
                  "$options": "i"
                }
              }
            ]
          }
        ]
      }
    },
    "execution_results": {
      "coursera": {
        "collection": "Coursera",
        "query": {
          "$and": [
            {
              "$or": [
                {
                  "Title": {
                    "$regex": "\\bshow\\ all\\ coursera\\ related\\ autocad\\ and\\ civil\\ engineering\\b",
                    "$options": "i"
                  }
                },
                {
                  "Short Intro": {
                    "$regex": "\\bshow\\ all\\ coursera\\ related\\ autocad\\ and\\ civil\\ engineering\\b",
                    "$options": "i"
                  }
                },
                {
                  "Skills": {
                    "$regex": "\\bshow\\ all\\ coursera\\ related\\ autocad\\ and\\ civil\\ engineering\\b",
                    "$options": "i"
                  }
                },
                {
                  "Category": {
                    "$regex": "\\bshow\\ all\\ coursera\\ related\\ autocad\\ and\\ civil\\ engineering\\b",
                    "$options": "i"
                  }
                },
                {
                  "Sub-Category": {
                    "$regex": "\\bshow\\ all\\ coursera\\ related\\ autocad\\ and\\ civil\\ engineering\\b",
                    "$options": "i"
                  }
                }
              ]
            }
          ]
        },
        "match_count": 0,
        "used_fallback": true,
        "execution_error": null
      }
    }
  },
  "all_results": []
}