{
  "user_query": "so some course in Business Law",
  "generated_queries": {
    "coursera": {
      "$or": [
        {
          "Main Category": {
            "$regex": "\\bBusiness Law\\b",
            "$options": "i"
          }
        },
        {
          "Sub-Category": {
            "$regex": "\\bBusiness Law\\b",
            "$options": "i"
          }
        },
        {
          "Course Title": {
            "$regex": "\\bBusiness Law\\b",
            "$options": "i"
          }
        },
        {
          "Brief Description": {
            "$regex": "\\bBusiness Law\\b",
            "$options": "i"
          }
        },
        {
          "Skills Covered": {
            "$regex": "\\bBusiness Law\\b",
            "$options": "i"
          }
        }
      ]
    },
    "udacity": {
      "$or": [
        {
          "Course Title": {
            "$regex": "\\bBusiness Law\\b",
            "$options": "i"
          }
        },
        {
          "Brief Description": {
            "$regex": "\\bBusiness Law\\b",
            "$options": "i"
          }
        }
      ]
    },
    "futurelearn": {
      "$or": [
        {
          "Main Category": {
            "$regex": "\\bBusiness Law\\b",
            "$options": "i"
          }
        },
        {
          "Course Title": {
            "$regex": "\\bBusiness Law\\b",
            "$options": "i"
          }
        },
        {
          "Brief Description": {
            "$regex": "\\bBusiness Law\\b",
            "$options": "i"
          }
        }
      ]
    },
    "simplilearn": {
      "$or": [
        {
          "Main Category": {
            "$regex": "\\bBusiness Law\\b",
            "$options": "i"
          }
        },
        {
          "Course Title": {
            "$regex": "\\bBusiness Law\\b",
            "$options": "i"
          }
        },
        {
          "Brief Description": {
            "$regex": "\\bBusiness Law\\b",
            "$options": "i"
          }
        },
        {
          "Skills Covered": {
            "$regex": "\\bBusiness Law\\b",
            "$options": "i"
          }
        }
      ]
    }
  },
  "timestamp": "2025-08-26T16:25:03.744435"
}