{
  "timestamp": "2025-08-30T16:05:56.313878",
  "user_query": "SHow me some course from SImpliLearn based on Cryprography",
  "debug_info": {
    "user_query": "SHow me some course from SImpliLearn based on Cryprography",
    "llm_generated_queries": {
      "simplilearn": {
        "$and": [
          {
            "$or": [
              {
                "Skills Covered": {
                  "$regex": "\\bCryprography\\b",
                  "$options": "i"
                }
              },
              {
                "Course Title": {
                  "$regex": "\\bCryprography\\b",
                  "$options": "i"
                }
              },
              {
                "Brief Description": {
                  "$regex": "\\bCryprography\\b",
                  "$options": "i"
                }
              }
            ]
          }
        ]
      }
    },
    "execution_results": {
      "simplilearn": {
        "collection": "SimpliLearn",
        "query": {
          "$and": [
            {
              "$or": [
                {
                  "Title": {
                    "$regex": "\\bshow\\ some\\ from\\ simplilearn\\ based\\ cryprography\\b",
                    "$options": "i"
                  }
                },
                {
                  "Short Intro": {
                    "$regex": "\\bshow\\ some\\ from\\ simplilearn\\ based\\ cryprography\\b",
                    "$options": "i"
                  }
                },
                {
                  "Skills": {
                    "$regex": "\\bshow\\ some\\ from\\ simplilearn\\ based\\ cryprography\\b",
                    "$options": "i"
                  }
                },
                {
                  "Category": {
                    "$regex": "\\bshow\\ some\\ from\\ simplilearn\\ based\\ cryprography\\b",
                    "$options": "i"
                  }
                }
              ]
            }
          ]
        },
        "match_count": 0,
        "used_fallback": true,
        "execution_error": null
      }
    }
  },
  "all_results": []
}