{
  "user_query": "SHow me some course from SImpliLearn based on Cryprography",
  "generated_queries": {
    "simplilearn": {
      "$and": [
        {
          "$or": [
            {
              "Skills Covered": {
                "$regex": "\\bCryprography\\b",
                "$options": "i"
              }
            },
            {
              "Course Title": {
                "$regex": "\\bCryprography\\b",
                "$options": "i"
              }
            },
            {
              "Brief Description": {
                "$regex": "\\bCryprography\\b",
                "$options": "i"
              }
            }
          ]
        }
      ]
    }
  },
  "timestamp": "2025-08-30T16:05:56.306646"
}