{
  "timestamp": "2025-08-27T21:44:40.171800",
  "user_query": "show me some AUTOCAD related course from Coursera",
  "debug_info": {
    "user_query": "show me some AUTOCAD related course from Coursera",
    "llm_generated_queries": {
      "coursera": {
        "$or": [
          {
            "Skills Covered": {
              "$regex": "\\bAUTOCAD\\b",
              "$options": "i"
            }
          },
          {
            "Course Title": {
              "$regex": "\\bAUTOCAD\\b",
              "$options": "i"
            }
          },
          {
            "Brief Description": {
              "$regex": "\\bAUTOCAD\\b",
              "$options": "i"
            }
          }
        ]
      }
    },
    "execution_results": {
      "coursera": {
        "collection": "Coursera",
        "query": {
          "$or": [
            {
              "Skills": {
                "$regex": "\\bAUTOCAD\\b",
                "$options": "i"
              }
            },
            {
              "Title": {
                "$regex": "\\bAUTOCAD\\b",
                "$options": "i"
              }
            },
            {
              "Short Intro": {
                "$regex": "\\bAUTOCAD\\b",
                "$options": "i"
              }
            }
          ]
        },
        "match_count": 3,
        "used_fallback": false,
        "execution_error": null
      }
    }
  },
  "all_results": [
    {
      "provider": "coursera",
      "original_data": {
        "_id": "68aa13e9b82e4c2125466152",
        "Title": "CAD and Digital Manufacturing Specialization",
        "URL": "https://www.coursera.org/specializations/cad-design-digital-manufacturing",
        "Short Intro": "Start your Career in Digital Manufacturing. Practice your CAD/CAM/CAE skills and learn about industry trends, while creating your own drone.",
        "Category": "Physical Science and Engineering",
        "Sub-Category": "Mechanical Engineering",
        "Course Type": "Specialization",
        "Language": "English",
        "Subtitle Languages": "Subtitles: English, Arabic, French, Portuguese (European), Italian, Vietnamese, German, Russian, Spanish",
        "Skills": "Computer-Aided Design (CAD), Autodesk, Manufacturing Processes, Sustainable Design, Mechanical Design, 3d modeling, Autocad, ",
        "Instructors": "Autodesk ,",
        "Rating": "4.7stars",
        "Number of viewers": "3,730",
        "Duration": "Approximately 6 months to complete",
        "Site": "Coursera"
      },
      "unified_data": {
        "title": "CAD and Digital Manufacturing Specialization",
        "url": "https://www.coursera.org/specializations/cad-design-digital-manufacturing",
        "description": "Start your Career in Digital Manufacturing. Practice your CAD/CAM/CAE skills and learn about industry trends, while creating your own drone.",
        "category": "Physical Science and Engineering",
        "language": "English",
        "skills": [
          "Computer-Aided Design (CAD)",
          "Autodesk",
          "Manufacturing Processes",
          "Sustainable Design",
          "Mechanical Design",
          "3d modeling",
          "Autocad"
        ],
        "instructors": [
          "Autodesk"
        ],
        "duration": "Approximately 6 months to complete",
        "site": "Coursera",
        "level": "Specialization",
        "viewers": 3730,
        "prerequisites": "Basic computer skills, high school level math and physics are recommended.",
        "learning_outcomes": "Gain CAD/CAM/CAE skills and learn industry trends related to digital manufacturing. Develop skills in creating and designing drones, covering various aspects of their digital design and manufacturing.",
        "price": "Coursera Plus subscription or individual course purchase.",
        "provider": "Coursera"
      }
    },
    {
      "provider": "coursera",
      "original_data": {
        "_id": "68aa13e9b82e4c212546636c",
        "Title": "Autodesk Certified Professional: AutoCAD for Design and Drafting Exam Prep",
        "URL": "https://www.coursera.org/learn/autodesk-autocad-design-drafting",
        "Short Intro": "Prove to potential employers that you’re up to the task by becoming an Autodesk Certified Professional. This online course from Autodesk prepares you by offering an overview of skills that match what is covered in the Autodesk Certified Professional: AutoCAD for Design and Drafting exam. The video lessons are structured to match the exam’s objective domains and follow the typical workflow and features of the AutoCAD software, including sections on drawing and organizing objects, drawing with accuracy, advanced editing functions, layouts, printing, and outputs, annotation techniques, and reusable content and drawing management. In the course, you will create drawing objects, manage layers, apply object snaps, and work with the User Coordinate System. You’ll edit objects and apply rotation and scale, array techniques, grip editing, offsets, fillet and chamfer, and trim and extend. You will also gain an understanding of exam topics such as layouts and viewports, output formats, and drawing management. Brush up on markup tools, hatch and fill, text, tables, multileaders, dimensioning, and much more.",
        "Category": "Physical Science and Engineering",
        "Sub-Category": "Mechanical Engineering",
        "Course Type": "Course",
        "Language": "English",
        "Subtitle Languages": "Subtitles: Arabic, French, Portuguese (European), Italian, Vietnamese, German, Russian, English, Spanish",
        "Skills": "Autocad,Design,Autodesk,Engineering,Computer-Aided Design (CAD),",
        "Instructors": "Autodesk",
        "Rating": "4.7stars",
        "Number of viewers": "2,400",
        "Duration": "Approx. 18 hours to complete",
        "Site": "Coursera"
      },
      "unified_data": {
        "title": "Autodesk Certified Professional: AutoCAD for Design and Drafting Exam Prep",
        "url": "https://www.coursera.org/learn/autodesk-autocad-design-drafting",
        "description": "Prove to potential employers that you’re up to the task by becoming an Autodesk Certified Professional. This online course from Autodesk prepares you by offering an overview of skills that match what is covered in the Autodesk Certified Professional: AutoCAD for Design and Drafting exam. The video lessons are structured to match the exam’s objective domains and follow the typical workflow and features of the AutoCAD software, including sections on drawing and organizing objects, drawing with accuracy, advanced editing functions, layouts, printing, and outputs, annotation techniques, and reusable content and drawing management. In the course, you will create drawing objects, manage layers, apply object snaps, and work with the User Coordinate System. You’ll edit objects and apply rotation and scale, array techniques, grip editing, offsets, fillet and chamfer, and trim and extend. You will also gain an understanding of exam topics such as layouts and viewports, output formats, and drawing management. Brush up on markup tools, hatch and fill, text, tables, multileaders, dimensioning, and much more.",
        "category": "Physical Science and Engineering",
        "language": "English",
        "skills": [
          "Autocad",
          "Design",
          "Autodesk",
          "Engineering",
          "Computer-Aided Design (CAD)"
        ],
        "instructors": [
          "Autodesk"
        ],
        "duration": "Approx. 18 hours to complete",
        "site": "Coursera",
        "level": "Course",
        "viewers": 2400,
        "prerequisites": "Basic computer literacy and familiarity with technical drawing concepts are recommended. Prior experience with AutoCAD is helpful but not required.",
        "learning_outcomes": "Prepare for the Autodesk Certified Professional exam by mastering AutoCAD skills like creating and organizing objects, accurate drawing techniques, advanced editing, layouts, annotation, and drawing management.",
        "price": "Coursera offers courses with a free trial period, after which a subscription fee applies to continue learning and access graded assignments.",
        "provider": "Coursera"
      }
    },
    {
      "provider": "coursera",
      "original_data": {
        "_id": "68aa13e9b82e4c2125466475",
        "Title": "Autodesk Fusion 360 Integrated CAD/CAM/CAE",
        "URL": "https://www.coursera.org/learn/fusion-360-integrated-cad-cam-cae?specialization=cad-design-digital-manufacturing",
        "Short Intro": "Design, engineering, and manufacturing are undergoing a digital transformation, and the need for a collaborative product development environment is becoming an ever-growing requirement. Autodesk® Fusion 360™ meets this need by connecting CAD, CAM, and CAE in a single cloud-based platform unlike any other tool of its kind. This course builds upon digital manufacturing trends and foundational CAD concepts discussed in Course 1 of this series by introducing Fusion 360 as a problem-solving tool. In this course, we take the next step in connecting CAD, CAM, and CAE through a series of short exercises on 3D modeling, rendering, simulation, and computer aided manufacturing.",
        "Category": "Physical Science and Engineering",
        "Sub-Category": "Mechanical Engineering",
        "Course Type": "Course",
        "Language": "English",
        "Subtitle Languages": "Subtitles: Arabic, French, Portuguese (European), Italian, Vietnamese, German, Russian, English, Spanish",
        "Skills": "Computer-Aided Design (CAD),Autodesk,3d modeling,Autocad,",
        "Instructors": "Autodesk",
        "Rating": "4.7stars",
        "Number of viewers": "1,927",
        "Duration": "Approx. 12 hours to complete",
        "Site": "Coursera"
      },
      "unified_data": {
        "title": "Autodesk Fusion 360 Integrated CAD/CAM/CAE",
        "url": "https://www.coursera.org/learn/fusion-360-integrated-cad-cam-cae?specialization=cad-design-digital-manufacturing",
        "description": "Design, engineering, and manufacturing are undergoing a digital transformation, and the need for a collaborative product development environment is becoming an ever-growing requirement. Autodesk® Fusion 360™ meets this need by connecting CAD, CAM, and CAE in a single cloud-based platform unlike any other tool of its kind. This course builds upon digital manufacturing trends and foundational CAD concepts discussed in Course 1 of this series by introducing Fusion 360 as a problem-solving tool. In this course, we take the next step in connecting CAD, CAM, and CAE through a series of short exercises on 3D modeling, rendering, simulation, and computer aided manufacturing.",
        "category": "Physical Science and Engineering",
        "language": "English",
        "skills": [
          "Computer-Aided Design (CAD)",
          "Autodesk",
          "3d modeling",
          "Autocad"
        ],
        "instructors": [
          "Autodesk"
        ],
        "duration": "Approx. 12 hours to complete",
        "site": "Coursera",
        "level": "Course",
        "viewers": 1927,
        "prerequisites": "Basic CAD knowledge, familiarity with digital manufacturing concepts. Completion of Course 1 in the series is helpful.",
        "learning_outcomes": "Learn to use Fusion 360 for 3D modeling, rendering, simulation, and computer-aided manufacturing. Understand how to connect CAD, CAM, and CAE in a single platform for collaborative product development.",
        "price": "Coursera offers courses with options to audit for free or pay for a certificate and graded assignments.",
        "provider": "Coursera"
      }
    }
  ]
}