{
  "user_query": "show me some AUTOCAD related course from Coursera",
  "execution_results": {
    "coursera": {
      "collection": "Coursera",
      "query": {
        "$or": [
          {
            "Skills": {
              "$regex": "\\bAUTOCAD\\b",
              "$options": "i"
            }
          },
          {
            "Title": {
              "$regex": "\\bAUTOCAD\\b",
              "$options": "i"
            }
          },
          {
            "Short Intro": {
              "$regex": "\\bAUTOCAD\\b",
              "$options": "i"
            }
          }
        ]
      },
      "match_count": 3,
      "used_fallback": false,
      "execution_error": null
    }
  },
  "timestamp": "2025-08-27T21:44:40.169487"
}