{
  "user_query": "show me some Data Science course from Udacity Platform",
  "execution_results": {
    "udacity": {
      "collection": "Udacity",
      "query": {
        "$or": [
          {
            "Title": {
              "$regex": "\\bData Science\\b",
              "$options": "i"
            }
          },
          {
            "Short Intro": {
              "$regex": "\\bData Science\\b",
              "$options": "i"
            }
          }
        ]
      },
      "match_count": 12,
      "used_fallback": false,
      "execution_error": null
    }
  },
  "timestamp": "2025-08-26T09:08:27.410518"
}