{
  "user_query": "Find some courses from SImpliLearn related to Data Science & AI",
  "generated_queries": {
    "simplilearn": {
      "$or": [
        {
          "Main Category": {
            "$regex": "\\bData Science\\b",
            "$options": "i"
          }
        },
        {
          "Skills Covered": {
            "$regex": "\\bData Science\\b",
            "$options": "i"
          }
        },
        {
          "Brief Description": {
            "$regex": "\\bData Science\\b",
            "$options": "i"
          }
        },
        {
          "Main Category": {
            "$regex": "\\bAI\\b",
            "$options": "i"
          }
        },
        {
          "Skills Covered": {
            "$regex": "\\bAI\\b",
            "$options": "i"
          }
        },
        {
          "Brief Description": {
            "$regex": "\\bAI\\b",
            "$options": "i"
          }
        }
      ]
    }
  },
  "timestamp": "2025-08-25T20:41:12.892763"
}