[
  {
    "title": "AI for Decision Making: Business Strategies and Applications",
    "url": "https://www.simplilearn.com/ai-for-decision-making-program?tag=",
    "description": "This AI program with Wharton Online gives you the competitive edge in emerging business technologies. The AI for Business delivers a foundational understanding of todayâ€™s top technologies, including big data, AI and machine learning, and how you can use them to support your organizationâ€™s strategy.",
    "category": "Simplilearn",
    "language": " Career Karma",
    "skills": [
      "Artificial Intelligence (AI)",
      "Machine Learning",
      "Big Data",
      "Business Strategy",
      "Decision Making"
    ],
    "instructors": [
      "AI & Machine Learning"
    ],
    "duration": "Varies (check Simplilearn website)",
    "site": "Simplilearn",
    "level": "Ranked #1 Best AI program by Career Karma",
    "viewers": 1000,
    "prerequisites": [
      "Basic understanding of business concepts",
      "Familiarity with data analysis (helpful)",
      "No prior AI/ML experience required"
    ],
    "learning_outcomes": "Gain a foundational understanding of AI, machine learning, and big data. Learn how to apply these technologies to support business strategies and decision-making within your organization, achieving a competitive edge.",
    "price": "Varies (check Simplilearn website)",
    "provider": "Simplilearn",
    "original_provider_id": "68ac04f569e0bdd621a8d7c7",
    "source_provider": "simplilearn"
  },
  {
    "title": "Post Graduate Program in AI and Machine Learning",
    "url": "https://www.simplilearn.com/pgp-ai-machine-learning-certification-training-course?tag=",
    "description": "Beat the curve with our Post Graduate Program in AI and ML, co-sponsored by Purdue University & IBM. Designed after Simplilearn's intense Bootcamp learning model, AI ML Course will help you achieve the most remarkable results & elevate your expertise.",
    "category": "Simplilearn",
    "language": " Career Karma",
    "skills": 757,
    "instructors": [
      "AI & Machine Learning"
    ],
    "duration": "9-12 months (estimated, based on similar programs)",
    "site": "Simplilearn",
    "level": "Ranked #1 AI and ML Course by Career Karma",
    "viewers": "10000+ (estimated)",
    "prerequisites": [
      "Bachelor's degree in a related field (e.g., Computer Science, Engineering, Mathematics)",
      "Basic programming knowledge (e.g., Python)",
      "Fundamental understanding of mathematics and statistics"
    ],
    "learning_outcomes": "Gain expertise in AI and ML through an intense bootcamp learning model. Achieve remarkable results and elevate your skills with insights co-sponsored by Purdue University and IBM.",
    "price": "Varies (Consult Simplilearn website)",
    "provider": "Simplilearn",
    "original_provider_id": "68ac04f569e0bdd621a8d7b7",
    "source_provider": "simplilearn"
  },
  {
    "title": "Ranked #1 Artificial Intelligence Course by Career Karma",
    "url": "https://www.simplilearn.com/artificial-intelligence-masters-program-training-course?tag=",
    "description": "Become an expert AI and ML professional with this PGP in AI & ML delivered in partnership with IBM. This Artificial Intelligence course covers latest tools and technologies from the AI ecosystem, and features masterclasses by Caltech faculty and IBM experts, hackathons and Ask Me Anything sessions.",
    "category": "Simplilearn",
    "language": "English",
    "skills": 8583,
    "instructors": [
      "AI & Machine Learning"
    ],
    "duration": "Not specified in the given information. Needs further research on Simplilearn's website.",
    "site": "Simplilearn",
    "level": "Advanced",
    "viewers": "1000+",
    "prerequisites": "Basic programming knowledge, familiarity with statistics and linear algebra.",
    "learning_outcomes": "Become an expert in AI and ML, master latest AI tools and technologies, and gain insights from Caltech faculty and IBM experts through masterclasses and hands-on projects.",
    "price": "Not specified in the given information. Needs further research on Simplilearn's website.",
    "provider": "Simplilearn",
    "original_provider_id": "68ac04f569e0bdd621a8d7bc",
    "source_provider": "simplilearn"
  },
  {
    "title": "Ranked No.1 Data Science Program by Economic Times",
    "url": "https://www.simplilearn.com/pgp-data-science-certification-bootcamp-program?tag=",
    "description": "The #1 ranked Post Graduate in Data Science program by ET is here â€” the PG in Data Science, in partnership with Purdue University & in collaboration with IBM. The program features masterclasses by Purdue faculty & IBM experts, exclusive hackathons, & Ask Me Anything sessions by IBM.",
    "category": "Simplilearn",
    "language": "English",
    "skills": 757,
    "instructors": [
      "Data Science & Business Analytics"
    ],
    "duration": "Unknown",
    "site": "Simplilearn",
    "level": "Post Graduate",
    "viewers": "1000+",
    "prerequisites": "Bachelor's degree in a quantitative field (e.g., statistics, mathematics, computer science, engineering) and basic programming knowledge.",
    "learning_outcomes": "Master data science through Purdue masterclasses, IBM expert sessions, exclusive hackathons, and IBM Q&A, gaining practical experience in data analysis and modeling.",
    "price": "Unknown",
    "provider": "Simplilearn",
    "original_provider_id": "68ac04f569e0bdd621a8d7b3",
    "source_provider": "simplilearn"
  },
  {
    "title": "AI & Machine Learning Bootcamp",
    "url": "https://www.simplilearn.com/ai-machine-learning-bootcamp?tag=",
    "description": "This AI and Machine Learning Bootcamp in collaboration with Caltech, will help you advance your career as an AI and ML specialist. The AI and ML Bootcamp includes live classes delivered by industry experts, hands-on labs, Industry-relevant projects, and masterclasses by Caltech professors.",
    "category": "Simplilearn",
    "language": " Times Higher Education",
    "skills": 8583,
    "instructors": [
      "AI & Machine Learning"
    ],
    "duration": "6-12 months (estimated)",
    "site": "Simplilearn",
    "level": "Caltech is Ranked #1 in Best Universities in the US by Times Higher Education",
    "viewers": 500,
    "prerequisites": [
      "Basic programming knowledge (Python preferred)",
      "Understanding of fundamental mathematics and statistics",
      "Familiarity with data analysis concepts"
    ],
    "learning_outcomes": "Advance your career as an AI/ML specialist through live classes, hands-on labs, industry projects, and masterclasses led by industry experts and Caltech professors.",
    "price": "Contact Simplilearn for pricing details",
    "provider": "Simplilearn",
    "original_provider_id": "68ac04f569e0bdd621a8d7bb",
    "source_provider": "simplilearn"
  },
  {
    "title": "Artificial Intelligence Engineer",
    "url": "https://www.simplilearn.com/search?item_type=course%2Cbundle%2Ccohort_master%2Cuniversity_master&tag=Artificial%20Intelligence%20Engineer",
    "description": "Accelerate your career with this Master's in Artificial Intelligence in conjunction with IBM. This program includes industry-relevant courses, such as Data Science with Python, Machine Learning, Deep Learning, NLP, and Chat GPT and also features hackathons and AMA sessions hosted by IBM. Get job-ready in the AI domain with Capstone projects, practical labs, live sessions, and hands-on projects.",
    "category": "Simplilearn",
    "language": " Career Karma",
    "skills": [
      "Data Science",
      "Python",
      "Machine Learning",
      "Deep Learning",
      "NLP",
      "Chat GPT"
    ],
    "instructors": [
      "AI & Machine Learning"
    ],
    "duration": "6-12 months (Estimated)",
    "site": "Simplilearn",
    "level": "Ranked #1 Masters in Artificial Intelligence Program by Career Karma",
    "viewers": "10000+ (Estimated)",
    "prerequisites": [
      "Basic programming knowledge",
      "Understanding of mathematics and statistics",
      "Familiarity with Python (recommended)"
    ],
    "learning_outcomes": "Gain expertise in AI domains like Data Science, Machine Learning, Deep Learning, and NLP. Develop job-ready AI skills through hands-on projects and live sessions, enhance problem-solving via capstone projects and labs.",
    "price": "Varies (Check Simplilearn website)",
    "provider": "Simplilearn",
    "original_provider_id": "68ac04f569e0bdd621a8d7e8",
    "source_provider": "simplilearn"
  },
  {
    "title": "Data Science with R Certification Course",
    "url": "https://www.simplilearn.com/big-data-and-analytics/data-scientist-certification-sas-r-excel-training?tag=",
    "description": "Simplilearnâ€™s Data Science with R certification course makes you an expert in data analytics using the R programming language. This data science with R course enables you to take your Data Science skills into a variety of companies, helping them analyze data and make more informed business decisions. With dedicated mentoring sessions, this R course incorporates cutting-edge curriculum to help you develop job-ready skills. Enroll in our R training and build expertise in data science right away.",
    "category": "Simplilearn",
    "language": "English",
    "skills": 53626,
    "instructors": [
      "Big Data Analytics"
    ],
    "duration": "To be determined from the course page on Simplilearn",
    "site": "Simplilearn",
    "level": "Intermediate",
    "viewers": "1000+",
    "prerequisites": "Basic programming knowledge and understanding of statistical concepts are recommended.",
    "learning_outcomes": "Develop expertise in data analytics using R, enabling data-driven business decisions. Acquire job-ready skills through dedicated mentoring and a cutting-edge curriculum.",
    "price": "To be determined from the course page on Simplilearn",
    "provider": "Simplilearn",
    "original_provider_id": "68ac04f569e0bdd621a8d7f7",
    "source_provider": "simplilearn"
  },
  {
    "title": "Data Science with Python Course",
    "url": "https://www.simplilearn.com/big-data-and-analytics/python-for-data-science-training?tag=",
    "description": "This Data Science with Python course gives you a complete overview of Pythonâ€™s data analytics tools and techniques. Learning python is a crucial skill for many data science roles, and you can develop it with this Python data science course. With a blended learning approach, you can learn Python for data science along with concepts like data wrangling, mathematical computing, and more. Unlock your career as a data scientist with Simplilearnâ€™s Data Science with Python training.",
    "category": "Simplilearn",
    "language": "English",
    "skills": 48619,
    "instructors": [
      "Big Data Analytics"
    ],
    "duration": "Varies (self-paced or instructor-led options likely)",
    "site": "Simplilearn",
    "level": "Beginner to Intermediate",
    "viewers": "1000+",
    "prerequisites": "Basic programming knowledge recommended; familiarity with data analysis concepts is helpful.",
    "learning_outcomes": "Understand Python's data analytics tools and techniques. Learn data wrangling and mathematical computing. Develop skills applicable to data science roles.",
    "price": "Varies (check Simplilearn website)",
    "provider": "Simplilearn",
    "original_provider_id": "68ac04f569e0bdd621a8d7f9",
    "source_provider": "simplilearn"
  },
  {
    "title": "Best Data Science Course in India",
    "url": "https://www.simplilearn.com/iitk-professional-certificate-course-data-science?tag=",
    "description": "Stay ahead of the Data Science curve with this Best Data Science course in India. Master essential Data Science skills through applied learning with live classes by industry experts, asynchronous videos, hands-on labs, and masterclasses from distinguished IIT Kanpur faculty.",
    "category": "Simplilearn",
    "language": "English",
    "skills": 8583,
    "instructors": [
      "Data Science & Business Analytics"
    ],
    "duration": "6-12 months (estimated, based on similar Simplilearn courses)",
    "site": "Simplilearn",
    "level": "Intermediate/Advanced",
    "viewers": 10000,
    "prerequisites": "Basic programming knowledge (Python preferred), foundational statistics, and familiarity with data analysis concepts are recommended.",
    "learning_outcomes": "Master data science skills, including machine learning, data analysis, and statistical modeling, through live classes, videos, hands-on labs, and masterclasses.",
    "price": "Varies (Check Simplilearn website for current pricing)",
    "provider": "Simplilearn",
    "original_provider_id": "68ac04f569e0bdd621a8d7d3",
    "source_provider": "simplilearn"
  },
  {
    "title": "MS in Artificial Intelligence",
    "url": "https://www.simplilearn.com/ms-in-artificial-intelligence?tag=",
    "description": "Kick start your career in AI with the MS in Artificial Intelligence with IU, Germany. This MS in AI Online program provides you with key technical knowledge, tools, and training to bring about innovation and disruption with AI.",
    "category": "Simplilearn",
    "language": "English",
    "skills": [
      "Artificial Intelligence (AI)",
      "Machine Learning",
      "Data Analysis",
      "Innovation",
      "Disruption"
    ],
    "instructors": [
      "AI & Machine Learning"
    ],
    "duration": "Varies (typically 1.5 - 2 years)",
    "site": "Simplilearn",
    "level": "Advanced",
    "viewers": "5000+",
    "prerequisites": [
      "Bachelor's degree in a related field (e.g., Computer Science, Engineering, Mathematics)",
      "Strong analytical and problem-solving skills",
      "Basic programming knowledge (e.g., Python)",
      "Linear Algebra and Calculus knowledge"
    ],
    "learning_outcomes": "Gain key technical knowledge, tools, and training in AI to drive innovation and disruption. Develop skills in machine learning, data analysis, and AI implementation for career advancement.",
    "price": "Varies (check Simplilearn website)",
    "provider": "Simplilearn",
    "original_provider_id": "68ac04f569e0bdd621a8d7ce",
    "source_provider": "simplilearn"
  },
  {
    "title": "Data Science for Business Decisions",
    "url": "https://www.simplilearn.com/data-science-for-business-decisions-program?tag=",
    "description": "Data Science plays a major role in supporting organizations in making strategic business decisions. Learn this in-demand skill set and turn yourself into a data-driven decision-maker to optimize the performance of your organization.",
    "category": "Simplilearn",
    "language": "English",
    "skills": 8583,
    "instructors": [
      "Data Science & Business Analytics"
    ],
    "duration": "Not specified, needs further research on Simplilearn website",
    "site": "Simplilearn",
    "level": "Beginner to Intermediate",
    "viewers": "500+",
    "prerequisites": "Basic understanding of business concepts and data analysis is helpful but not mandatory.",
    "learning_outcomes": "Learn how data science supports strategic business decisions. Develop data-driven decision-making skills to improve organizational performance and optimize outcomes.",
    "price": "Not specified, needs further research on Simplilearn website",
    "provider": "Simplilearn",
    "original_provider_id": "68ac04f569e0bdd621a8d7d7",
    "source_provider": "simplilearn"
  },
  {
    "title": "Caltech Post Graduate Program in Data Science",
    "url": "https://www.simplilearn.com/post-graduate-program-data-science?tag=",
    "description": "Learn to make data-driven decisions with this PG in Data Science, built and delivered in partnership with Caltech CTME and IBM. Designed for working professionals, the program features masterclasses by Caltech faculty & IBM experts, with exclusive hackathons and Ask Me Anything sessions by IBM.",
    "category": "Simplilearn",
    "language": " Times Higher Education",
    "skills": 8583,
    "instructors": [
      "Data Science & Business Analytics"
    ],
    "duration": "6-12 months (estimated)",
    "site": "Simplilearn",
    "level": "Caltech is Ranked #4 in Best Universities in the US by Times Higher Education",
    "viewers": "1000+ (estimated)",
    "prerequisites": "Bachelor's degree, basic programming knowledge (Python preferred), and familiarity with statistics.",
    "learning_outcomes": "Make data-driven decisions, master data science tools and techniques, and gain insights from Caltech and IBM experts through masterclasses and hands-on projects.",
    "price": "Contact Simplilearn for pricing details",
    "provider": "Simplilearn",
    "original_provider_id": "68ac04f569e0bdd621a8d7be",
    "source_provider": "simplilearn"
  },
  {
    "title": "Data Science Bootcamp",
    "url": "https://www.simplilearn.com/data-science-bootcamp?tag=",
    "description": "Learn to make data-driven decisions with this Data Science Bootcamp delivered through live-interactive sessions. Designed for working professionals, the program features masterclasses by distinguished Caltech instructors, interactive capstone projects, and office hours._x000D_\n",
    "category": "Simplilearn",
    "language": " Times Higher Education",
    "skills": 8583,
    "instructors": [
      "Data Science & Business Analytics"
    ],
    "duration": "6 months (estimated)",
    "site": "Simplilearn",
    "level": "Caltech is Ranked #1 in Best Universities in the US by Times Higher Education",
    "viewers": 5000,
    "prerequisites": "Basic programming knowledge (Python preferred), familiarity with statistics and mathematics.",
    "learning_outcomes": "Make data-driven decisions through interactive sessions, masterclasses by Caltech instructors, and capstone projects designed for working professionals. Learn from office hours and gain practical experience.",
    "price": "Variable (check Simplilearn website)",
    "provider": "Simplilearn",
    "original_provider_id": "68ac04f569e0bdd621a8d7d9",
    "source_provider": "simplilearn"
  },
  {
    "title": "Professional Certificate Course in AI and Machine Learning",
    "url": "https://www.simplilearn.com/iitk-professional-certificate-course-ai-machine-learning?tag=",
    "description": "Become an AI and ML expert with this Machine Learning Course. Learn the latest tools and technologies of the AI world through live classes delivered by industry experts, hands-on labs, Industry-relevant projects and masterclasses from distinguished IIT Kanpur faculty.",
    "category": "Simplilearn",
    "language": "English",
    "skills": 8583,
    "instructors": [
      "AI & Machine Learning"
    ],
    "duration": "Not specified, needs further research on Simplilearn website",
    "site": "Simplilearn",
    "level": "Intermediate to Advanced",
    "viewers": "5000+",
    "prerequisites": "Basic programming knowledge (Python preferred), familiarity with linear algebra and calculus concepts.",
    "learning_outcomes": "Master AI and ML tools. Gain expertise through live classes, hands-on labs, industry projects, and masterclasses from IIT Kanpur faculty.",
    "price": "Not specified, needs further research on Simplilearn website",
    "provider": "Simplilearn",
    "original_provider_id": "68ac04f569e0bdd621a8d7dd",
    "source_provider": "simplilearn"
  },
  {
    "title": "Data Scientist",
    "url": "https://www.simplilearn.com/",
    "description": "This IBM-sponsored Data Science course includes unique hackathons, masterclasses, webinars, and Ask-Me-Anything sessions. The online training will give you hands-on experience with R, Python, Machine Learning, Tableau, Hadoop, and Spark. Improve your knowledge with this Data Science course and live interaction with other practitioners and Machine Learning Engineers.",
    "category": "Simplilearn",
    "language": " Career Karma",
    "skills": [
      "R",
      "Python",
      "Machine Learning",
      "Tableau",
      "Hadoop",
      "Spark"
    ],
    "instructors": [
      "Data Science & Business Analytics"
    ],
    "duration": "Varies depending on program format (likely several months)",
    "site": "Simplilearn",
    "level": "Ranked #1 Best Data Science Course by Career Karma",
    "viewers": "1000+",
    "prerequisites": [
      "Basic programming knowledge",
      "Understanding of statistics",
      "Familiarity with databases is a plus"
    ],
    "learning_outcomes": "Gain hands-on experience with R, Python, Machine Learning, Tableau, Hadoop, and Spark. Improve knowledge through hackathons, masterclasses, and interaction with practitioners and Machine Learning Engineers.",
    "price": "Varies depending on program format",
    "provider": "Simplilearn",
    "original_provider_id": "68ac04f569e0bdd621a8d7e0",
    "source_provider": "simplilearn"
  }
]