{
  "user_query": "Find some courses from SImpliLearn related to Data Science & AI",
  "execution_results": {
    "simplilearn": {
      "collection": "SimpliLearn",
      "query": {
        "$or": [
          {
            "Category": {
              "$regex": "\\bData Science\\b",
              "$options": "i"
            }
          },
          {
            "Skills": {
              "$regex": "\\bData Science\\b",
              "$options": "i"
            }
          },
          {
            "Short Intro": {
              "$regex": "\\bData Science\\b",
              "$options": "i"
            }
          },
          {
            "Category": {
              "$regex": "\\bAI\\b",
              "$options": "i"
            }
          },
          {
            "Skills": {
              "$regex": "\\bAI\\b",
              "$options": "i"
            }
          },
          {
            "Short Intro": {
              "$regex": "\\bAI\\b",
              "$options": "i"
            }
          }
        ]
      },
      "match_count": 15,
      "used_fallback": false,
      "execution_error": null
    }
  },
  "timestamp": "2025-08-25T20:41:12.894905"
}