{
  "user_query": "SHow me some AUTOCAD code",
  "generated_queries": {
    "coursera": {
      "$or": [
        {
          "Skills Covered": {
            "$regex": "\\bAUTOCAD\\b",
            "$options": "i"
          }
        },
        {
          "Course Title": {
            "$regex": "\\bAUTOCAD\\b",
            "$options": "i"
          }
        },
        {
          "Brief Description": {
            "$regex": "\\bAUTOCAD\\b",
            "$options": "i"
          }
        }
      ]
    },
    "udacity": {
      "$or": [
        {
          "Skills Covered": {
            "$regex": "\\bAUTOCAD\\b",
            "$options": "i"
          }
        },
        {
          "Course Title": {
            "$regex": "\\bAUTOCAD\\b",
            "$options": "i"
          }
        },
        {
          "Brief Description": {
            "$regex": "\\bAUTOCAD\\b",
            "$options": "i"
          }
        }
      ]
    },
    "futurelearn": {
      "$or": [
        {
          "Skills Covered": {
            "$regex": "\\bAUTOCAD\\b",
            "$options": "i"
          }
        },
        {
          "Course Title": {
            "$regex": "\\bAUTOCAD\\b",
            "$options": "i"
          }
        },
        {
          "Brief Description": {
            "$regex": "\\bAUTOCAD\\b",
            "$options": "i"
          }
        }
      ]
    },
    "simplilearn": {
      "$or": [
        {
          "Skills Covered": {
            "$regex": "\\bAUTOCAD\\b",
            "$options": "i"
          }
        },
        {
          "Course Title": {
            "$regex": "\\bAUTOCAD\\b",
            "$options": "i"
          }
        },
        {
          "Brief Description": {
            "$regex": "\\bAUTOCAD\\b",
            "$options": "i"
          }
        }
      ]
    }
  },
  "timestamp": "2025-08-26T23:21:29.779064"
}