[
  {
    "category": "Business",
    "description": "This specialization from Coursera explores the rapidly evolving world of Financial Technology (Fintech) Innovations. It covers key concepts like blockchain, cryptocurrency, payment systems, and smart investing. You will learn about emerging technologies and their impact on the financial industry.",
    "duration": "Approximately 4 months to complete",
    "instructors": [
      "Robert Dittmar",
      "Andrew Wu"
    ],
    "language": "English",
    "learning_outcomes": "Gain knowledge of Fintech innovations, including blockchain, cryptocurrency, and payment systems. Understand the impact of these technologies on financial markets and learn about smart investing strategies.",
    "level": "Specialization",
    "original_provider_id": "68aa13e9b82e4c212546609a",
    "prerequisites": "Basic understanding of finance concepts is recommended. No prior programming experience is required.",
    "price": "Free to Audit. Paid certificate available.",
    "provider": "Coursera",
    "site": "Coursera",
    "skills": [
      "Credit Technology",
      "Cryptocurrency",
      "Smart Investing",
      "Blockchain",
      "Payment Systems",
      "processing payments",
      "Payment Processing",
      "payment technology",
      "Value Propositions",
      "decentralization algorithms",
      "consensus algorithms",
      "blockchain as a business solution"
    ],
    "source_provider": "coursera",
    "title": "Financial Technology (Fintech) Innovations Specialization",
    "url": "https://www.coursera.org/specializations/financialtechnology",
    "viewers": 1465
  },
  {
    "category": "Business",
    "description": "Offered by the University of Pennsylvania, this Specialization explores the foundations and applications of Fintech, covering topics like blockchain, cryptocurrencies, and investment management. It examines the impact of technology on financial services. Includes hands-on projects.",
    "duration": "Approximately 4 months to complete",
    "instructors": [
      "Christopher Geczy",
      "Natasha Sarin",
      "Jessica Wachter",
      "Sarah Hammer",
      "David Musto"
    ],
    "language": "English",
    "learning_outcomes": "Understand Fintech fundamentals. Explore blockchain, cryptocurrencies, and investment management. Analyze the impact of technology on financial services and gain practical skills through projects.",
    "level": "Specialization",
    "original_provider_id": "68aa13e9b82e4c2125466015",
    "prerequisites": "Basic understanding of business concepts and a high school diploma. No prior finance or programming experience is required.",
    "price": "Free to Audit. Paid Certificate Available.",
    "provider": "Coursera",
    "site": "Coursera",
    "skills": [
      "Investment Management",
      "Cryptocurrency",
      "regulation",
      "Blockchain"
    ],
    "source_provider": "coursera",
    "title": "Fintech: Foundations & Applications of Financial Technology Specialization",
    "url": "https://www.coursera.org/specializations/wharton-fintech",
    "viewers": 3316
  },
  {
    "category": "Business",
    "description": "Develop your knowledge and skills in FinTech. Equip yourself to FinTech disruptive innovation, business opportunities and challenges ahead.",
    "duration": "Approximately 5 months to complete",
    "instructors": [
      "Theodore Henry King CLARK",
      "Garvin Percy DIAS"
    ],
    "language": "English",
    "learning_outcomes": "Gain expertise in FinTech, understand disruptive innovation, and explore business opportunities and challenges. Learn about finance industry transformation and regulations within the FinTech landscape.",
    "level": "Specialization",
    "original_provider_id": "68aa13e9b82e4c21254660fc",
    "prerequisites": "Basic understanding of business principles and finance concepts is recommended, but not strictly required.",
    "price": "Free to Audit. Paid Certificate Available.",
    "provider": "Coursera",
    "site": "Coursera",
    "skills": [
      "Cryptocurrency",
      "Financial Technology",
      "fintech disruption",
      "Blockchain"
    ],
    "source_provider": "coursera",
    "title": "FinTech: Finance Industry Transformation and Regulation Specialization",
    "url": "https://www.coursera.org/specializations/fintech",
    "viewers": 506
  },
  {
    "category": "Business",
    "description": "In this course, you’ll learn the key components of modern-day investment strategies which utilize fintech. Professors Natasha Sarin and Chris Geczy  of the Wharton School have designed this course to help you understand the complex structure of  payment methods and financial regulations, so you can determine how fintech plays a role in the future of investing. Through analysis of robo-advising and changing demographic forces, you’ll learn how basic elements of trust underlie complex choice architecture in investments and impact investing. You’ll also explore payment methodologies and how fintech is emerging as an entrepreneurial solution to both investments and payment systems. By the end of this course, you’ll be able to identify different financial technologies, and understand the dynamic between the innovations and regulations,  and  employ best practices in developing a fintech strategy for yourself or your business. No prerequisites are required for this course, although a basic understanding of credit cards and other payment methods is helpful.",
    "duration": "Approx. 6 hours to complete",
    "instructors": [
      "Christopher Geczy"
    ],
    "language": "English",
    "learning_outcomes": "Identify financial technologies, understand the interplay between innovation and regulation, and apply best practices to develop a fintech strategy for personal or business use.",
    "level": "Course",
    "original_provider_id": "68aa13e9b82e4c2125466212",
    "prerequisites": [
      "Basic understanding of credit cards and payment methods is helpful but not required."
    ],
    "price": "Free",
    "provider": "Coursera",
    "site": "Coursera",
    "skills": [
      "FinTech",
      "Financial Regulations",
      "Payment Systems",
      "Investment Strategies",
      "FinTech Strategy"
    ],
    "source_provider": "coursera",
    "title": "FinTech: Foundations, Payments, and Regulations",
    "url": "https://www.coursera.org/learn/wharton-fintech-overview-payments-regulations",
    "viewers": 2269
  },
  {
    "category": "Business",
    "description": "Being a successful FinTech firm requires more than just great technology; it also requires an understanding of the laws and regulations applicable to your business. This course will provide you with that understanding. You will learn about the critical legal, regulatory, and policy issues associated with cryptocurrencies, initial coin offerings, online lending, new payments and wealth management technologies, and financial account aggregators.  In addition, you will learn how regulatory agencies in the U.S. are continually adjusting to the emergence of new financial technologies and how one specific agency has proposed a path for FinTech firms to become regulated banks. You will also learn the basics of how banks are regulated in the U.S.",
    "duration": "Approx. 11 hours to complete",
    "instructors": [
      "Lee Reiners",
      "CFA"
    ],
    "language": "English",
    "learning_outcomes": "Understand critical legal and regulatory issues in FinTech. Learn about cryptocurrencies, online lending, and bank regulations. Analyze how regulatory agencies adapt to new financial technologies.",
    "level": "Course",
    "original_provider_id": "68aa13e9b82e4c2125466220",
    "prerequisites": [
      "None",
      "Basic understanding of business concepts is helpful."
    ],
    "price": "Free to Audit, Paid Certificate Available",
    "provider": "Coursera",
    "site": "Coursera",
    "skills": [
      "FinTech regulations",
      "Cryptocurrencies",
      "Online lending",
      "Financial account aggregation",
      "Bank regulation"
    ],
    "source_provider": "coursera",
    "title": "FinTech Law and Policy",
    "url": "https://www.coursera.org/learn/fintechlawandpolicy",
    "viewers": 787
  },
  {
    "category": "Business",
    "description": "The purpose of this course is to provide you with a basic understanding of the connections between money, the financial system, and the broader macroeconomy. We will examine the economics of modern financial institutions (e.g. banks), including how they are organized, the products and financial services they offer, the risks they take, why and how they are regulated, and how this has changed over time. We will develop a conceptual framework that will allow us to assess how recent financial regulations as well as innovations in finance (e.g., securitization, fintech, cryptocurrencies) may influence the macroeconomic, financial, and business environment.",
    "duration": "Approx. 15 hours to complete",
    "instructors": [
      "Rustom Manouchehri Irani"
    ],
    "language": "English",
    "learning_outcomes": "Understand the economics of financial institutions, their products, and services. Analyze financial regulations and innovations like fintech and cryptocurrencies. Assess their impact on the macroeconomic and business environment.",
    "level": "Course",
    "original_provider_id": "68aa13e9b82e4c2125466251",
    "prerequisites": [
      "Basic understanding of economics is recommended."
    ],
    "price": "Free (with audit option) or Paid (for certificate)",
    "provider": "Coursera",
    "site": "Coursera",
    "skills": [
      "Financial Institutions",
      "Banking",
      "Financial Regulation",
      "Macroeconomics",
      "Financial Services"
    ],
    "source_provider": "coursera",
    "title": "Banking and Financial Institutions",
    "url": "https://www.coursera.org/learn/banking-and-financial-institutions",
    "viewers": 100
  },
  {
    "category": "Business",
    "description": "This course “FinTech Risk Management” help you understand risk management and corporate governance in finance industry with the disruption by FinTech and RegTech. You will become more confident to analyse and make recommendations to develop business strategies balancing the risks in operation, reputation and the stability of finance firms.",
    "duration": "Approx. 15 hours to complete",
    "instructors": [
      "Garvin Percy DIAS"
    ],
    "language": "English",
    "learning_outcomes": "Upon completion, you will understand risk management and corporate governance in the FinTech landscape. You will be able to analyze risks, make recommendations, and develop business strategies to ensure financial stability.",
    "level": "Course",
    "original_provider_id": "68aa13e9b82e4c212546640b",
    "prerequisites": [
      "Basic understanding of finance concepts is recommended, but not required."
    ],
    "price": "Free to Audit, Paid Certificate Available",
    "provider": "Coursera",
    "site": "Coursera",
    "skills": [
      "Risk Management",
      "Corporate Governance",
      "FinTech",
      "RegTech",
      "Business Strategy"
    ],
    "source_provider": "coursera",
    "title": "FinTech Risk Management",
    "url": "https://www.coursera.org/learn/fintech-risk-management?specialization=fintech",
    "viewers": 173
  },
  {
    "category": "Business",
    "description": "This course “FinTech Disruptive Innovation: Implications for Society” help you understand how disruptive innovations create opportunity in finance industry and its impact to society especially your career. You would be able to examine and analyse how FinTech innovations would affect companies that relates to FinTech services and how it might affect your career in finance.",
    "duration": "Approx. 12 hours to complete",
    "instructors": [
      "Theodore Henry King CLARK"
    ],
    "language": "English",
    "learning_outcomes": "Understand how FinTech innovations disrupt the finance industry. Analyze the impact of FinTech on companies and careers. Examine the opportunities created by FinTech and its implications for society.",
    "level": "Course",
    "original_provider_id": "68aa13e9b82e4c21254664f5",
    "prerequisites": [
      "Basic understanding of finance concepts"
    ],
    "price": "Free to Audit",
    "provider": "Coursera",
    "site": "Coursera",
    "skills": [
      "FinTech",
      "Innovation",
      "Financial Analysis"
    ],
    "source_provider": "coursera",
    "title": "FinTech Disruptive Innovation: Implications for Society",
    "url": "https://www.coursera.org/learn/fintech-disruption?specialization=fintech",
    "viewers": 78
  },
  {
    "category": "Business",
    "description": "What is Cryptocurrency and how is it an innovative and effective method of currency? This course was designed for individuals and organizations who want to learn how to navigate investment in cryptocurrencies. Professors Jessica Wachter and Sarah Hammer will guide you through developing a framework for understanding both Cryptocurrency and Blockchain. You’ll learn how to define a currency, analyze the foundations of digital signatures and blockchain technology in cryptocurrency, and accurately assess the risks of cryptocurrency in a modern investment portfolio. By the end of this course, you’ll have a deep understanding of the realities of Cryptocurrency, the intricacies of Blockchain technology, and an effective strategy for incorporating Cryptocurrency into your investment plans. No prerequisites are required, although \"Fintech: Foundations, Payments, and Regulations\"  from Wharton's Fintech Specialization is recommended.",
    "duration": "Approx. 4 hours to complete",
    "instructors": [
      "Jessica Wachter"
    ],
    "language": "English",
    "learning_outcomes": "Define currency, analyze digital signatures and blockchain technology, and assess cryptocurrency risks for investment. Develop a strategy for incorporating cryptocurrency into investment plans.",
    "level": "Course",
    "original_provider_id": "68aa13e9b82e4c2125466495",
    "prerequisites": [],
    "price": "Free",
    "provider": "Coursera",
    "site": "Coursera",
    "skills": [
      "Cryptocurrency",
      "Blockchain",
      "Digital Currencies",
      "Investment Strategy"
    ],
    "source_provider": "coursera",
    "title": "Cryptocurrency and Blockchain: An Introduction to Digital Currencies",
    "url": "https://www.coursera.org/learn/wharton-cryptocurrency-blockchain-introduction-digital-currency?specialization=wharton-fintech",
    "viewers": 1372
  },
  {
    "category": "Business",
    "description": "In this course, you’ll learn the key components of modern-day investment strategies which utilize fintech. Professors Natasha Sarin and Chris Geczy  of the Wharton School have designed this course to help you understand the complex structure of  payment methods and financial regulations, so you can determine how fintech plays a role in the future of investing. Through analysis of robo-advising and changing demographic forces, you’ll learn how basic elements of trust underlie complex choice architecture in investments and impact investing. You’ll also explore payment methodologies and how fintech is emerging as an entrepreneurial solution to both investments and payment systems. By the end of this course, you’ll be able to identify different financial technologies, and understand the dynamic between the innovations and regulations,  and  employ best practices in developing a fintech strategy for yourself or your business. No prerequisites are required for this course, although a basic understanding of credit cards and other payment methods is helpful.",
    "duration": "Approx. 6 hours to complete",
    "instructors": [
      "Christopher Geczy"
    ],
    "language": "English",
    "learning_outcomes": "Identify financial technologies, understand the relationship between innovations and regulations, and develop effective fintech strategies for personal or business use.",
    "level": "Course",
    "original_provider_id": "68aa13e9b82e4c2125466508",
    "prerequisites": [
      "Basic understanding of credit cards and payment methods"
    ],
    "price": "Free",
    "provider": "Coursera",
    "site": "Coursera",
    "skills": [
      "Fintech",
      "Payment Systems",
      "Financial Regulations",
      "Investment Strategies",
      "Robo-advising",
      "Fintech Strategy"
    ],
    "source_provider": "coursera",
    "title": "FinTech: Foundations, Payments, and Regulations",
    "url": "https://www.coursera.org/learn/wharton-fintech-overview-payments-regulations?specialization=wharton-fintech",
    "viewers": 2269
  },
  {
    "category": "Business",
    "description": "This course \"FinTech Security and Regulation (RegTech)\" help you to understand RegTech and to become more confident and persuasive in your ability to analyze and make recommendations to executives within the finance industry regarding how to react to these changes, e.g. Regulations to cryptocurrencies like BitCoin & Initial Coin Offering (ICO). It presents the views of several professors from the top business school in Asia as well as perspectives from industry professionals.",
    "duration": "Approx. 14 hours to complete",
    "instructors": [
      "Theodore Henry King CLARK"
    ],
    "language": "English",
    "learning_outcomes": "By the end of this course, you will understand RegTech and be able to analyze and recommend actions to executives regarding financial industry changes, particularly those related to cryptocurrencies like Bitcoin and ICOs.",
    "level": "Course",
    "original_provider_id": "68aa13e9b82e4c2125466633",
    "prerequisites": [
      "Basic understanding of finance and business concepts.",
      "No prior experience with FinTech is required."
    ],
    "price": "Free to Audit, Paid Certificate Available",
    "provider": "Coursera",
    "site": "Coursera",
    "skills": [
      "RegTech",
      "FinTech Security",
      "Cryptocurrency Regulation",
      "Financial Regulations"
    ],
    "source_provider": "coursera",
    "title": "FinTech Security and Regulation (RegTech)",
    "url": "https://www.coursera.org/learn/regtech?specialization=fintech",
    "viewers": 233
  },
  {
    "category": "Business",
    "description": "In this course, you’ll learn the foundational theories behind robo-advising, crowdfunding, and marketplace lending, and how to apply these theories to optimize your investments. Professor David Musto of the Wharton School has designed this course to help you gain a practical understanding of the theoretical frameworks of Modern Portfolio Theory and Financial Technology. You’ll learn how to apply the ideas behind robo-advising and crowdfunding to better assess and leverage a more optimized portfolio while managing risks. You’ll also explore the current consumer credit landscape and learn how to utilize financial technologies in your business. You’ll analyze real-life examples by studying the cases of Square and CommonBond. By the end of this course, you’ll have honed your skills in calculating risks and returns in robo-advising and crowdfunding, and be able to assess the value of marketplace lending to achieve better returns on your investments. No prerequisites are required for this course, although \"Fintech: Foundations, Payments, and Regulations\" and \"Cryptocurrency and Blockchain: An Introduction to Digital Currencies\" from Wharton's Fintech Specialization are recommended.",
    "duration": "Approx. 4 hours to complete",
    "instructors": [
      "David Musto"
    ],
    "language": "English",
    "learning_outcomes": "Understand robo-advising, crowdfunding, and marketplace lending theories. Apply these theories to optimize investments, assess risks, and build a better portfolio. Analyze real-life examples and evaluate marketplace lending.",
    "level": "Course",
    "original_provider_id": "68aa13e9b82e4c21254666c6",
    "prerequisites": [],
    "price": "Free",
    "provider": "Coursera",
    "site": "Coursera",
    "skills": [
      "robo-advising",
      "crowdfunding",
      "marketplace lending",
      "risk management",
      "portfolio optimization",
      "financial technology"
    ],
    "source_provider": "coursera",
    "title": "Lending, Crowdfunding, and Modern Investing",
    "url": "https://www.coursera.org/learn/wharton-crowdfunding-marketplace-lending-modern-investing?specialization=wharton-fintech",
    "viewers": 518
  },
  {
    "category": "Business",
    "description": "In this course, you’ll learn about the emerging technologies in Artificial Intelligence and Machine Learning that are utilized in InsurTech and Real Estate Tech. Professor Chris Geczy of the Wharton School has designed this course to help you navigate the complex world of insurance and real estate tech, and understand how FinTech plays a role in the future of the industry. Through study and analysis of Artificial Intelligence and Machine Learning, you’ll learn how InsurTech is redefining the insurance industry. You’ll also explore classifications of insurtech companies and the size of the InsurTech, Real Estate Tech, and AI markets. You will also explore  FinTech specialties with Warren Pennington from Vanguard. By the end of this course, you’ll be able to identify emerging technologies of AI, Machine Learning, and Financial Technologies from a variety of insurance and real estate tech companies and their impact in the future of finance and investments.",
    "duration": "Approx. 3 hours to complete",
    "instructors": [
      "Christopher Geczy"
    ],
    "language": "English",
    "learning_outcomes": [
      "Identify emerging AI, Machine Learning, and Financial Technologies in InsurTech and Real Estate Tech.",
      "Understand how InsurTech is redefining the insurance industry.",
      "Analyze the impact of these technologies on finance and investments."
    ],
    "level": "Course",
    "original_provider_id": "68aa13e9b82e4c2125466858",
    "prerequisites": [
      "Basic understanding of finance concepts",
      "No prior programming experience required"
    ],
    "price": "Free (with optional paid certificate)",
    "provider": "Coursera",
    "site": "Coursera",
    "skills": [
      "Artificial Intelligence",
      "Machine Learning",
      "InsurTech",
      "Real Estate Tech",
      "FinTech"
    ],
    "source_provider": "coursera",
    "title": "Application of AI, InsurTech, and Real Estate Technology",
    "url": "https://www.coursera.org/learn/wharton-ai-application-insurtech-real-estate-technology?specialization=wharton-fintech",
    "viewers": 477
  },
  {
    "category": "Business",
    "description": "This course provides an in-depth understanding of the Supply Chain Finance market including insights on the potential and current market size, market penetration, growth, and distribution. You’ll be introduced to the four distinctive groups serving the Supply Chain Finance market and learn about the main stakeholders and market participants in a Supply Chain Finance program. By the end of the course, you’ll have reviewed the key trends and upcoming risks affecting Supply Chain Finance and gained a deeper understanding of the key challenges in the market amongst corporate clients, banks, non-bank financiers and technology service providers.",
    "duration": "Approx. 6 hours to complete",
    "instructors": [
      "Oliver Belin"
    ],
    "language": "English",
    "learning_outcomes": "Understand the Supply Chain Finance market, its size, and growth. Identify key stakeholders and trends, as well as upcoming risks. Analyze challenges faced by various market participants like corporate clients and financiers.",
    "level": "Course",
    "original_provider_id": "68aa13e9b82e4c212546680f",
    "prerequisites": "Basic understanding of finance concepts is recommended.",
    "price": "Free",
    "provider": "Coursera",
    "site": "Coursera",
    "skills": [
      "Marketing Supply Chain Finance Services",
      "Risk Management of Supply Chain Finance"
    ],
    "source_provider": "coursera",
    "title": "Supply Chain Finance Market and Fintech Ecosystem",
    "url": "https://www.coursera.org/learn/supply-chain-finance-market-fintech-ecosystem?specialization=supply-chain-finance-and-blockchain-technology",
    "viewers": 64
  },
  {
    "category": "Business",
    "description": "Welcome to Innovation strategy: Developing your Fintech Strategy! As you probably know, this is the third course in a three-part specialization focused on the digital transformation of finance. ",
    "duration": "Approx. 11 hours to complete",
    "instructors": [
      "Jonas Hedman"
    ],
    "language": "English",
    "learning_outcomes": "Develop strategies for digital transformation in Fintech. Learn to navigate the Fintech landscape. Understand innovation within financial services and create a Fintech strategy. This course builds on prior knowledge from the specialization.",
    "level": "Course",
    "original_provider_id": "68aa13e9b82e4c2125466885",
    "prerequisites": [
      "Basic understanding of business concepts",
      "Familiarity with financial services"
    ],
    "price": "Free to Audit",
    "provider": "Coursera",
    "site": "Coursera",
    "skills": [
      "Fintech Strategy",
      "Digital Transformation",
      "Innovation Strategy"
    ],
    "source_provider": "coursera",
    "title": "Innovation Strategy: Developing Your Fintech strategy",
    "url": "https://www.coursera.org/learn/innovation-strategy-fintech?specialization=digital-transformation-financial-services",
    "viewers": 260
  },
  {
    "category": "Business",
    "description": "Our primary goal is to help you to understand FinTech and to become more confident and persuasive in your ability to analyze and make recommendations to executives within the finance industry regarding how to react to these changes.",
    "duration": "Approx. 15 hours to complete",
    "instructors": [
      "Theodore Henry King CLARK"
    ],
    "language": "English",
    "learning_outcomes": "Gain a foundational understanding of FinTech, analyze industry changes, and develop persuasive recommendations for finance executives.",
    "level": "Course",
    "original_provider_id": "68aa13e9b82e4c212546686b",
    "prerequisites": "Basic understanding of finance and business concepts is recommended.",
    "price": "Free",
    "provider": "Coursera",
    "site": "Coursera",
    "skills": [
      "FinTech",
      "Financial Analysis",
      "Strategic Recommendations"
    ],
    "source_provider": "coursera",
    "title": "FinTech Foundations and Overview",
    "url": "https://www.coursera.org/learn/fintech?specialization=fintech",
    "viewers": 460
  },
  {
    "category": "Business",
    "description": "The FinTech revolution is rapidly transforming the financial industry. The use of digital technologies is the norm, and together with regulatory and market changes it is creating a revolution. After completion of the module, you'll be able to: describe the changes that influence the financial sector, understand the complexity of the payment infrastructure, identify and explain the key payment instruments and how they function, understand the types of money that exits, and recognize changes in the regulatory frameworks and how they inhibit or promote innovation.",
    "duration": "Approx. 19 hours to complete",
    "instructors": [
      "Jonas Hedman"
    ],
    "language": "English",
    "learning_outcomes": "Describe financial sector changes, understand payment infrastructure complexity, identify key payment instruments, understand money types, and recognize regulatory framework impacts on innovation.",
    "level": "Course",
    "original_provider_id": "68aa13e9b82e4c2125466910",
    "prerequisites": "Basic understanding of financial concepts is recommended, but not strictly required.",
    "price": "Free",
    "provider": "Coursera",
    "site": "Coursera",
    "skills": [
      "Open Banking",
      "Financial Technology",
      "Crowdfunding",
      "Peer-To-Peer Lending"
    ],
    "source_provider": "coursera",
    "title": "FinTech and the Transformation in Financial Services",
    "url": "https://www.coursera.org/learn/fintech-transformation-financial-services?specialization=digital-transformation-financial-services",
    "viewers": 1104
  },
  {
    "category": "Simplilearn",
    "description": "Designed for leaders Professional Certificate Program in Blockchain is a four-month program in collaboration with IIT Kanpur. This blockchain course provides a high-engagement learning experience with real-world blockchain applications in Fintech, Healthcare, Supply Chain Management and more._x000D_\n",
    "duration": "4 months",
    "instructors": [
      "Software Development"
    ],
    "language": "English",
    "learning_outcomes": "Gain expertise in blockchain applications, including Fintech, Healthcare, and Supply Chain Management. Develop skills to build a rewarding career with a focus on real-world applications.",
    "level": "Intermediate",
    "original_provider_id": "68ac04f569e0bdd621a8d7b1",
    "prerequisites": "Basic understanding of programming concepts and some familiarity with data structures.",
    "price": "Not specified",
    "provider": "Simplilearn",
    "site": "Simplilearn",
    "skills": 8583,
    "source_provider": "simplilearn",
    "title": "Build a Rewarding Career with a Blockchain Developer Course",
    "url": "https://www.simplilearn.com/blockchain-certification-training-course?tag=",
    "viewers": 5000
  }
]