{
  "user_query": "show me some course related to IFT or Fintech",
  "execution_results": {
    "coursera": {
      "collection": "Coursera",
      "query": {
        "$or": [
          {
            "Category": {
              "$regex": "\\bIFT\\b",
              "$options": "i"
            }
          },
          {
            "Sub-Category": {
              "$regex": "\\bIFT\\b",
              "$options": "i"
            }
          },
          {
            "Skills": {
              "$regex": "\\bIFT\\b",
              "$options": "i"
            }
          },
          {
            "Short Intro": {
              "$regex": "\\bIFT\\b",
              "$options": "i"
            }
          },
          {
            "Title": {
              "$regex": "\\bIFT\\b",
              "$options": "i"
            }
          },
          {
            "Category": {
              "$regex": "\\bFintech\\b",
              "$options": "i"
            }
          },
          {
            "Sub-Category": {
              "$regex": "\\bFintech\\b",
              "$options": "i"
            }
          },
          {
            "Skills": {
              "$regex": "\\bFintech\\b",
              "$options": "i"
            }
          },
          {
            "Short Intro": {
              "$regex": "\\bFintech\\b",
              "$options": "i"
            }
          },
          {
            "Title": {
              "$regex": "\\bFintech\\b",
              "$options": "i"
            }
          }
        ]
      },
      "match_count": 17,
      "used_fallback": false,
      "execution_error": null
    },
    "futurelearn": {
      "collection": "FutureLearn",
      "query": {
        "$and": [
          {
            "$or": [
              {
                "Title": {
                  "$regex": "\\bshow\\ some\\ related\\ ift\\ fintech\\b",
                  "$options": "i"
                }
              },
              {
                "Short Intro": {
                  "$regex": "\\bshow\\ some\\ related\\ ift\\ fintech\\b",
                  "$options": "i"
                }
              },
              {
                "Category": {
                  "$regex": "\\bshow\\ some\\ related\\ ift\\ fintech\\b",
                  "$options": "i"
                }
              },
              {
                "Sub-Category": {
                  "$regex": "\\bshow\\ some\\ related\\ ift\\ fintech\\b",
                  "$options": "i"
                }
              }
            ]
          }
        ]
      },
      "match_count": 0,
      "used_fallback": true,
      "execution_error": null
    },
    "simplilearn": {
      "collection": "SimpliLearn",
      "query": {
        "$or": [
          {
            "Category": {
              "$regex": "\\bIFT\\b",
              "$options": "i"
            }
          },
          {
            "Skills": {
              "$regex": "\\bIFT\\b",
              "$options": "i"
            }
          },
          {
            "Short Intro": {
              "$regex": "\\bIFT\\b",
              "$options": "i"
            }
          },
          {
            "Title": {
              "$regex": "\\bIFT\\b",
              "$options": "i"
            }
          },
          {
            "Category": {
              "$regex": "\\bFintech\\b",
              "$options": "i"
            }
          },
          {
            "Skills": {
              "$regex": "\\bFintech\\b",
              "$options": "i"
            }
          },
          {
            "Short Intro": {
              "$regex": "\\bFintech\\b",
              "$options": "i"
            }
          },
          {
            "Title": {
              "$regex": "\\bFintech\\b",
              "$options": "i"
            }
          }
        ]
      },
      "match_count": 1,
      "used_fallback": false,
      "execution_error": null
    },
    "udacity": {
      "collection": "Udacity",
      "query": {
        "$and": [
          {
            "$or": [
              {
                "Title": {
                  "$regex": "\\bshow\\ some\\ related\\ ift\\ fintech\\b",
                  "$options": "i"
                }
              },
              {
                "Short Intro": {
                  "$regex": "\\bshow\\ some\\ related\\ ift\\ fintech\\b",
                  "$options": "i"
                }
              },
              {
                "What you learn": {
                  "$regex": "\\bshow\\ some\\ related\\ ift\\ fintech\\b",
                  "$options": "i"
                }
              },
              {
                "Category": {
                  "$regex": "\\bshow\\ some\\ related\\ ift\\ fintech\\b",
                  "$options": "i"
                }
              }
            ]
          }
        ]
      },
      "match_count": 0,
      "used_fallback": true,
      "execution_error": null
    }
  },
  "timestamp": "2025-09-22T14:15:58.705394"
}