[
  {
    "title": "Planet Earth: Understanding and Protecting our Environment",
    "url": "https://www.futurelearn.com/courses/planet-earth",
    "description": "Learn about the physical geography of Earth and discover how to use this knowledge to protect our natural environment. ",
    "category": "Environmental Science",
    "language": "English",
    "skills": [
      "Physical Geography",
      "Environmental Protection",
      "Sustainability"
    ],
    "instructors": [
      "To be determined from FutureLearn course page"
    ],
    "duration": "2 weeks",
    "site": "Future Learn",
    "level": "Introductory",
    "viewers": 1000,
    "prerequisites": [
      "None"
    ],
    "learning_outcomes": "Understand Earth's physical geography and apply this knowledge to protect the natural environment. Learn about sustainability and environmental challenges facing the planet.",
    "price": "Free (with option to upgrade)",
    "provider": "Futurelearn",
    "original_provider_id": "68ac020f69e0bdd621a8c8ce",
    "source_provider": "futurelearn"
  },
  {
    "title": "Planet Earth: Understanding and Protecting our Environment",
    "url": "https://www.futurelearn.com/courses/planet-earth",
    "description": "Learn about the physical geography of Earth and discover how to use this knowledge to protect our natural environment. ",
    "category": "Environmental Science",
    "language": "English",
    "skills": [
      "Physical Geography",
      "Environmental Protection",
      "Sustainability"
    ],
    "instructors": "Unknown",
    "duration": "2 weeks",
    "site": "Future Learn",
    "level": "Introductory",
    "viewers": 5000,
    "prerequisites": "None",
    "learning_outcomes": "Understand Earth's physical geography and apply this knowledge to environmental protection. Learn about sustainable practices and contribute to preserving our natural environment for future generations.",
    "price": "Free",
    "provider": "Futurelearn",
    "original_provider_id": "68ac020f69e0bdd621a8ca72",
    "source_provider": "futurelearn"
  },
  {
    "title": "Intermediate German: Countries and Landscapes",
    "url": "https://www.futurelearn.com/courses/intermediate-german-deutsch-im-kontext-l-nder-und-landschaften",
    "description": "Examine the human and physical geography of German-speaking countries and the language used to discuss them. ",
    "category": "Language Learning",
    "language": "German",
    "skills": [
      "German Language",
      "German Geography",
      "Cultural Awareness",
      "Vocabulary related to geography and countries"
    ],
    "instructors": [],
    "duration": "4 weeks",
    "site": "Future Learn",
    "level": "Intermediate",
    "viewers": 5000,
    "prerequisites": [
      "Basic German language skills (A1/A2 level)",
      "Familiarity with German grammar",
      "Basic vocabulary"
    ],
    "learning_outcomes": "Understand and discuss the human and physical geography of German-speaking countries. Improve vocabulary related to countries and landscapes. Enhance German language skills in a specific context.",
    "price": " After your free trial you can: Pay $39 per month to keep learning online Have complete control over your subscription; you can cancel any time Work at your own pace and set your own deadlines at every stage Only pay while youâ€™re learning; the subscription will cancel automatically when you finish Complete online assessments to test your knowledge and prove your skills Earn digital course certificates and a final award that you can share online, with potential employers, and your professional network Keep access to the content of courses you complete even after your subscription ends",
    "provider": "Futurelearn",
    "original_provider_id": "68ac021069e0bdd621a8d272",
    "source_provider": "futurelearn"
  },
  {
    "title": "Planet Earth: Understanding and Protecting our Environment",
    "url": "https://www.futurelearn.com/courses/planet-earth",
    "description": "Learn about the physical geography of Earth and discover how to use this knowledge to protect our natural environment. ",
    "category": "Environmental Science",
    "language": "English",
    "skills": [
      "Physical Geography",
      "Environmental Protection",
      "Sustainability"
    ],
    "instructors": [
      "To be updated from course page"
    ],
    "duration": "2 weeks",
    "site": "Future Learn",
    "level": "Introductory",
    "viewers": 5000,
    "prerequisites": [
      "Basic understanding of geography recommended"
    ],
    "learning_outcomes": [
      "Understand Earth's physical geography.",
      "Learn methods for protecting the natural environment.",
      "Apply knowledge to sustainability efforts."
    ],
    "price": "Free, Upgrade available",
    "provider": "Futurelearn",
    "original_provider_id": "68ac021069e0bdd621a8d332",
    "source_provider": "futurelearn"
  },
  {
    "title": "Intermediate German: Countries and Landscapes",
    "url": "https://www.futurelearn.com/courses/intermediate-german-deutsch-im-kontext-l-nder-und-landschaften",
    "description": "Examine the human and physical geography of German-speaking countries and the language used to discuss them. ",
    "category": "Language Learning",
    "language": "German",
    "skills": [
      "German Language",
      "Geography (German-speaking countries)",
      "Cultural Awareness",
      "Vocabulary related to countries and landscapes"
    ],
    "instructors": [],
    "duration": "4 weeks",
    "site": "Future Learn",
    "level": "Intermediate",
    "viewers": 500,
    "prerequisites": [
      "Basic German language skills",
      "Beginner level German course or equivalent"
    ],
    "learning_outcomes": "Understand and use German vocabulary related to the geography of German-speaking countries. Discuss human and physical geography in German. Improve overall German language proficiency in context.",
    "price": " After your free trial you can: Pay $39 per month to keep learning online Have complete control over your subscription; you can cancel any time Work at your own pace and set your own deadlines at every stage Only pay while youâ€™re learning; the subscription will cancel automatically when you finish Complete online assessments to test your knowledge and prove your skills Earn digital course certificates and a final award that you can share online, with potential employers, and your professional network Keep access to the content of courses you complete even after your subscription ends",
    "provider": "Futurelearn",
    "original_provider_id": "68ac021069e0bdd621a8d378",
    "source_provider": "futurelearn"
  },
  {
    "title": "Intermediate French: People and Places",
    "url": "https://www.futurelearn.com/courses/french-intermediate-la-francophonie-people-and-places",
    "description": "Gain an introduction to the physical and human geography of France and explore the language used to speak about them.",
    "category": "Language Learning",
    "language": "French",
    "skills": [
      "French Language",
      "Geography",
      "Cultural Awareness",
      "Communication"
    ],
    "instructors": [],
    "duration": "4 weeks",
    "site": "Future Learn",
    "level": "Intermediate",
    "viewers": 5000,
    "prerequisites": [
      "Basic French language skills (e.g., beginner French course or equivalent)"
    ],
    "learning_outcomes": "Understand and use French to discuss the physical and human geography of France. Improve vocabulary related to places and people. Develop cultural awareness of French-speaking regions.",
    "price": " After your free trial you can: Pay $39 per month to keep learning online Have complete control over your subscription; you can cancel any time Work at your own pace and set your own deadlines at every stage Only pay while youâ€™re learning; the subscription will cancel automatically when you finish Complete online assessments to test your knowledge and prove your skills Earn digital course certificates and a final award that you can share online, with potential employers, and your professional network Keep access to the content of courses you complete even after your subscription ends",
    "provider": "Futurelearn",
    "original_provider_id": "68ac021069e0bdd621a8d2b5",
    "source_provider": "futurelearn"
  },
  {
    "title": "Intermediate French: People and Places",
    "url": "https://www.futurelearn.com/courses/french-intermediate-la-francophonie-people-and-places",
    "description": "Gain an introduction to the physical and human geography of France and explore the language used to speak about them.",
    "category": "Language Learning",
    "language": "French",
    "skills": [
      "French Language",
      "French Geography",
      "Cultural Awareness",
      "Vocabulary",
      "Grammar"
    ],
    "instructors": [],
    "duration": "4 weeks",
    "site": "Future Learn",
    "level": "Intermediate",
    "viewers": 5000,
    "prerequisites": [
      "Basic French language skills (A1/A2 level)",
      "Familiarity with basic French grammar and vocabulary"
    ],
    "learning_outcomes": "Learn French vocabulary related to geography. Understand the physical and human geography of France. Improve French language skills to discuss people and places. Expand knowledge of French culture.",
    "price": " After your free trial you can: Pay $39 per month to keep learning online Have complete control over your subscription; you can cancel any time Work at your own pace and set your own deadlines at every stage Only pay while youâ€™re learning; the subscription will cancel automatically when you finish Complete online assessments to test your knowledge and prove your skills Earn digital course certificates and a final award that you can share online, with potential employers, and your professional network Keep access to the content of courses you complete even after your subscription ends",
    "provider": "Futurelearn",
    "original_provider_id": "68ac021069e0bdd621a8d3dc",
    "source_provider": "futurelearn"
  },
  {
    "title": "Planet Earth: Understanding and Protecting our Environment",
    "url": "https://www.futurelearn.com/courses/planet-earth",
    "description": "Learn about the physical geography of Earth and discover how to use this knowledge to protect our natural environment. ",
    "category": "Environmental Science",
    "language": "English",
    "skills": [
      "Physical Geography",
      "Environmental Protection",
      "Data Analysis",
      "Earth Science"
    ],
    "instructors": [],
    "duration": "2 weeks",
    "site": "Future Learn",
    "level": "Introductory",
    "viewers": 5000,
    "prerequisites": [
      "Basic science knowledge",
      "Interest in environment"
    ],
    "learning_outcomes": "Understand Earth's physical geography and apply this knowledge to protect our natural environment. Identify key environmental challenges and potential solutions for a more sustainable future.",
    "price": "Free",
    "provider": "Futurelearn",
    "original_provider_id": "68ac021069e0bdd621a8d58e",
    "source_provider": "futurelearn"
  }
]