{
  "timestamp": "2025-08-26T23:42:20.783000",
  "user_query": "Show me some DATA SCIENCE course from UDacity",
  "debug_info": {
    "user_query": "Show me some DATA SCIENCE course from UDacity",
    "llm_generated_queries": {
      "udacity": {
        "$or": [
          {
            "Main Category": {
              "$regex": "\\bData Science\\b",
              "$options": "i"
            }
          },
          {
            "Sub-Category": {
              "$regex": "\\bData Science\\b",
              "$options": "i"
            }
          },
          {
            "Brief Description": {
              "$regex": "\\bData Science\\b",
              "$options": "i"
            }
          }
        ]
      }
    },
    "execution_results": {
      "udacity": {
        "collection": "Udacity",
        "query": {
          "$or": [
            {
              "Main Category": {
                "$regex": "\\bData Science\\b",
                "$options": "i"
              }
            },
            {
              "Sub-Category": {
                "$regex": "\\bData Science\\b",
                "$options": "i"
              }
            },
            {
              "Short Intro": {
                "$regex": "\\bData Science\\b",
                "$options": "i"
              }
            }
          ]
        },
        "match_count": 9,
        "used_fallback": false,
        "execution_error": null
      }
    }
  },
  "all_results": [
    {
      "provider": "udacity",
      "original_data": {
        "_id": "68ac0cf969e0bdd621a8d952",
        "Title": "Introduction to Data Analysis",
        "URL": "https://www.udacity.com/course/intro-to-data-analysis--cd0000",
        "Short Intro": "Start your data science journey right with this hands-on introduction to the discipline of data analysis. In this course you'll learn the 5 key stages of the data analysis process and apply them to real data sets using Python libraries NumPy, pandas, and Matplotlib.",
        "Duration": "1 month to complete",
        "Site": "Udacity",
        "Program Type": "Course",
        "Courses": "Intro to Data Analysis",
        "Prequisites": "Python.",
        "What you learn": "Data analysis is a rigorous discipline that can reveal illuminating insights, but a strong grasp of the fundamentals is essential to generating accurate, useful results. This hands-on course will teach you the industry-standard framework for analyzing data of any kind, and show you how to apply it using some of the most popular tools in data science."
      },
      "unified_data": {
        "title": "Introduction to Data Analysis",
        "url": "https://www.udacity.com/course/intro-to-data-analysis--cd0000",
        "description": "Start your data science journey right with this hands-on introduction to the discipline of data analysis. In this course you'll learn the 5 key stages of the data analysis process and apply them to real data sets using Python libraries NumPy, pandas, and Matplotlib.",
        "category": "Data Science",
        "language": "English",
        "skills": [
          "Data Analysis",
          "Python",
          "NumPy",
          "pandas",
          "Matplotlib"
        ],
        "instructors": [],
        "duration": "1 month to complete",
        "site": "Udacity",
        "level": "Beginner",
        "viewers": 5000,
        "prerequisites": [
          "Basic Python programming",
          "Familiarity with command line"
        ],
        "learning_outcomes": [
          "Data analysis is a rigorous discipline that can reveal illuminating insights, but a strong grasp of the fundamentals is essential to generating accurate, useful results",
          "This hands-on course will teach you the industry-standard framework for analyzing data of any kind, and show you how to apply it using some of the most popular tools in data science"
        ],
        "price": "Free",
        "provider": "Udacity"
      }
    },
    {
      "provider": "udacity",
      "original_data": {
        "_id": "68ac0cf969e0bdd621a8d8fc",
        "Title": "Learn to Code",
        "URL": "https://www.udacity.com/course/intro-to-programming-nanodegree--nd000",
        "Short Intro": "Udacity's Intro to Programming is your first step towards careers in Web and App Development, Machine Learning, Data Science, AI, and more! This program is perfect for beginners.",
        "Duration": "4 months to complete",
        "Site": "Udacity",
        "Program Type": "Nanodegree Program",
        "Courses": "Introduction to Programming",
        "Prequisites": "In order to succeed, we recommend having experience using the web, being able to perform a search on Google, and (most importantly) the determination to keep pushing forward!",
        "What you learn": "Learn the basics of programming through HTML, CSS, Python, and JavaScript. Get extensive practice with hands-on exercises and projects that demonstrate your grasp of coding fundamentals, and build confidence in your ability to think and problem-solve like a programmer."
      },
      "unified_data": {
        "title": "Learn to Code",
        "url": "https://www.udacity.com/course/intro-to-programming-nanodegree--nd000",
        "description": "Udacity's Intro to Programming is your first step towards careers in Web and App Development, Machine Learning, Data Science, AI, and more! This program is perfect for beginners.",
        "category": "Programming",
        "language": "English",
        "skills": [
          "HTML",
          "CSS",
          "Python",
          "JavaScript",
          "Web Development",
          "App Development",
          "Programming Fundamentals"
        ],
        "instructors": [],
        "duration": "4 months to complete",
        "site": "Udacity",
        "level": "Beginner",
        "viewers": 5000,
        "prerequisites": [
          "In order to succeed, we recommend having experience using the web, being able to perform a search on Google, and (most importantly) the determination to keep pushing forward"
        ],
        "learning_outcomes": [
          "Learn the basics of programming through HTML, CSS, Python, and JavaScript",
          "Get extensive practice with hands-on exercises and projects that demonstrate your grasp of coding fundamentals, and build confidence in your ability to think and problem-solve like a programmer"
        ],
        "price": "Paid",
        "provider": "Udacity"
      }
    },
    {
      "provider": "udacity",
      "original_data": {
        "_id": "68ac0cf969e0bdd621a8d901",
        "Title": "Learn to Code",
        "URL": "https://www.udacity.com/course/intro-to-programming-nanodegree--nd000",
        "Short Intro": "Udacity's Intro to Programming is your first step towards careers in Web and App Development, Machine Learning, Data Science, AI, and more! This program is perfect for beginners.",
        "Duration": "4 months to complete",
        "Site": "Udacity",
        "Program Type": "Nanodegree Program",
        "Courses": "Introduction to Programming",
        "Prequisites": "In order to succeed, we recommend having experience using the web, being able to perform a search on Google, and (most importantly) the determination to keep pushing forward!",
        "What you learn": "Learn the basics of programming through HTML, CSS, Python, and JavaScript. Get extensive practice with hands-on exercises and projects that demonstrate your grasp of coding fundamentals, and build confidence in your ability to think and problem-solve like a programmer."
      },
      "unified_data": {
        "title": "Learn to Code",
        "url": "https://www.udacity.com/course/intro-to-programming-nanodegree--nd000",
        "description": "Udacity's Intro to Programming is your first step towards careers in Web and App Development, Machine Learning, Data Science, AI, and more! This program is perfect for beginners.",
        "category": "Programming",
        "language": "English",
        "skills": [
          "HTML",
          "CSS",
          "Python",
          "JavaScript",
          "Web Development",
          "App Development"
        ],
        "instructors": [
          "Udacity Instructors"
        ],
        "duration": "4 months to complete",
        "site": "Udacity",
        "level": "Beginner",
        "viewers": 5000,
        "prerequisites": [
          "In order to succeed, we recommend having experience using the web, being able to perform a search on Google, and (most importantly) the determination to keep pushing forward"
        ],
        "learning_outcomes": [
          "Learn the basics of programming through HTML, CSS, Python, and JavaScript",
          "Get extensive practice with hands-on exercises and projects that demonstrate your grasp of coding fundamentals, and build confidence in your ability to think and problem-solve like a programmer"
        ],
        "price": "Paid",
        "provider": "Udacity"
      }
    },
    {
      "provider": "udacity",
      "original_data": {
        "_id": "68ac0cf969e0bdd621a8d943",
        "Title": "Programming for Data Science with R",
        "URL": "https://www.udacity.com/course/programming-for-data-science-nanodegree-with-R--nd118",
        "Short Intro": "Prepare for a data science career by learning the fundamental data programming tools: R, SQL, command line, and git. ",
        "Duration": "3 months to complete",
        "Site": "Udacity",
        "Program Type": "Nanodegree Program",
        "Courses": "Learn to Code with R and SQL",
        "Prequisites": "There are no prerequisites for this program, aside from basic computer skills.",
        "What you learn": "Learn the programming fundamentals required for a career in data science. By the end of the program, you will be able to use R, SQL, Command Line, and Git."
      },
      "unified_data": {
        "title": "Programming for Data Science with R",
        "url": "https://www.udacity.com/course/programming-for-data-science-nanodegree-with-R--nd118",
        "description": "Prepare for a data science career by learning the fundamental data programming tools: R, SQL, command line, and git. ",
        "category": "Data Science",
        "language": "English",
        "skills": [
          "R",
          "SQL",
          "Command Line",
          "Git",
          "Data Programming"
        ],
        "instructors": [],
        "duration": "3 months to complete",
        "site": "Udacity",
        "level": "Beginner",
        "viewers": 5000,
        "prerequisites": [
          "There are no prerequisites for this program, aside from basic computer skills"
        ],
        "learning_outcomes": [
          "Learn the programming fundamentals required for a career in data science",
          "By the end of the program, you will be able to use R, SQL, Command Line, and Git"
        ],
        "price": "Paid",
        "provider": "Udacity"
      }
    },
    {
      "provider": "udacity",
      "original_data": {
        "_id": "68ac0cf969e0bdd621a8d93b",
        "Title": "Data Science for Business Leaders",
        "URL": "https://www.udacity.com/course/data-science-for-business-leaders--nd045",
        "Short Intro": "Master the strategic decision-making skills for the people, platforms, and processes required to leverage the power of Data Science in your business.",
        "Duration": "4 - 8 Weeks to complete",
        "Site": "Udacity",
        "Program Type": "Executive Program",
        "Courses": "Data Science for Business Leaders",
        "Prequisites": "To optimize your chances of success in this Executive Program, we recommend prior exposure to statistics and probability, as well as experience in business decision-making in an IT or technical environment.",
        "What you learn": "This course provides business leaders and managers with strategies and guidelines for how best to solve the human capital, technological, and management challenges of building data science into the business. Students will gain skills in identifying opportunities for data science across many functional areas of the business, as well as learn the tools to prioritize and execute on those opportunities as part of a data science initiative."
      },
      "unified_data": {
        "title": "Data Science for Business Leaders",
        "url": "https://www.udacity.com/course/data-science-for-business-leaders--nd045",
        "description": "Master the strategic decision-making skills for the people, platforms, and processes required to leverage the power of Data Science in your business.",
        "category": "Business Strategy & Data Science",
        "language": "English",
        "skills": [
          "Data Science Strategy",
          "Data-Driven Decision Making",
          "Data Science Team Leadership",
          "Data Science Project Management",
          "Technology Management",
          "Business Acumen"
        ],
        "instructors": [],
        "duration": "4 - 8 Weeks to complete",
        "site": "Udacity",
        "level": "Advanced",
        "viewers": 5000,
        "prerequisites": [
          "To optimize your chances of success in this Executive Program, we recommend prior exposure to statistics and probability, as well as experience in business decision-making in an IT or technical environment"
        ],
        "learning_outcomes": [
          "This course provides business leaders and managers with strategies and guidelines for how best to solve the human capital, technological, and management challenges of building data science into the business",
          "Students will gain skills in identifying opportunities for data science across many functional areas of the business, as well as learn the tools to prioritize and execute on those opportunities as part of a data science initiative"
        ],
        "price": "Varies (Executive Program)",
        "provider": "Udacity"
      }
    },
    {
      "provider": "udacity",
      "original_data": {
        "_id": "68ac0cf969e0bdd621a8d905",
        "Title": "Programming for Data Science with Python",
        "URL": "https://www.udacity.com/course/programming-for-data-science-nanodegree--nd104",
        "Short Intro": "Prepare for a data science career by learning the fundamental data programming tools: Python, SQL, command line, and git. ",
        "Duration": "3 months to complete",
        "Site": "Udacity",
        "Program Type": "Nanodegree Program",
        "Courses": "Learn to Code in Python and SQL",
        "Prequisites": "There are no prerequisites for this program, aside from basic computer skills.",
        "What you learn": "Learn the programming fundamentals required for a career in data science. By the end of the program, you will be able to use Python, SQL, Command Line, and Git."
      },
      "unified_data": {
        "title": "Programming for Data Science with Python",
        "url": "https://www.udacity.com/course/programming-for-data-science-nanodegree--nd104",
        "description": "Prepare for a data science career by learning the fundamental data programming tools: Python, SQL, command line, and git. ",
        "category": "Data Science",
        "language": "English",
        "skills": [
          "Python",
          "SQL",
          "Command Line",
          "Git"
        ],
        "instructors": [],
        "duration": "3 months to complete",
        "site": "Udacity",
        "level": "Beginner",
        "viewers": 10000,
        "prerequisites": [
          "There are no prerequisites for this program, aside from basic computer skills"
        ],
        "learning_outcomes": [
          "Learn the programming fundamentals required for a career in data science",
          "By the end of the program, you will be able to use Python, SQL, Command Line, and Git"
        ],
        "price": "Paid",
        "provider": "Udacity"
      }
    },
    {
      "provider": "udacity",
      "original_data": {
        "_id": "68ac0cf969e0bdd621a8d907",
        "Title": "How to Become a Data Scientist",
        "URL": "https://www.udacity.com/course/data-scientist-nanodegree--nd025",
        "Short Intro": "Gain real-world data science experience with projects designed by industry experts. Build your portfolio and advance your data science career. ",
        "Duration": "Estimated 4 months to complete",
        "Site": "Udacity",
        "Program Type": "Nanodegree Program",
        "Courses": "Data Scientist",
        "Prequisites": "We recommend students are familiar with machine learning concepts, like those in the Intro to Machine Learning Nanodegree Program. In addition, students should be familiar with Python programming, probability, and statistics. ",
        "What you learn": "You’ll master the skills necessary to become a successful Data Scientist. You’ll work on projects designed by industry experts, and learn to run data pipelines, design experiments, build recommendation systems, and deploy solutions to the cloud.\r\n\r\n If you already have experience with machine learning, take this program."
      },
      "unified_data": {
        "title": "How to Become a Data Scientist",
        "url": "https://www.udacity.com/course/data-scientist-nanodegree--nd025",
        "description": "Gain real-world data science experience with projects designed by industry experts. Build your portfolio and advance your data science career. ",
        "category": "Data Science",
        "language": "English",
        "skills": [
          "Python",
          "Machine Learning",
          "Data Analysis",
          "Data Pipelines",
          "Experiment Design",
          "Recommendation Systems",
          "Cloud Deployment"
        ],
        "instructors": null,
        "duration": "Estimated 4 months to complete",
        "site": "Udacity",
        "level": "Intermediate",
        "viewers": 5000,
        "prerequisites": [
          "We recommend students are familiar with machine learning concepts, like those in the Intro to Machine Learning Nanodegree Program",
          "In addition, students should be familiar with Python programming, probability, and statistics"
        ],
        "learning_outcomes": [
          "You’ll master the skills necessary to become a successful Data Scientist",
          "You’ll work on projects designed by industry experts, and learn to run data pipelines, design experiments, build recommendation systems, and deploy solutions to the cloud",
          "If you already have experience with machine learning, take this program"
        ],
        "price": "Paid",
        "provider": "Udacity"
      }
    },
    {
      "provider": "udacity",
      "original_data": {
        "_id": "68ac0cf969e0bdd621a8d927",
        "Title": "Learn Intermediate Python",
        "URL": "https://www.udacity.com/course/intermediate-python-nanodegree--nd303",
        "Short Intro": "Gain practitioner-level skills with Python and learn the language powering transformation in Data Science, Machine Learning, and beyond.",
        "Duration": "Estimated 2 months to complete",
        "Site": "Udacity",
        "Program Type": "Nanodegree Program",
        "Courses": "Learn Intermediate Python",
        "Prequisites": "Basic familiarity with programming in Python. ",
        "What you learn": "Python is a general-purpose coding language with applications in web development, data science, machine learning, fintech and more. The Intermediate Python Nanodegree program equips you to leverage the capabilities of Python and streamline the functionality of applications that perform complex tasks, such as classifying files, data mining a webpage, etc. By the end of the program, you’ll have a portfolio that demonstrates your ability to apply practicioner-level Python skills on the job.\r\n"
      },
      "unified_data": {
        "title": "Learn Intermediate Python",
        "url": "https://www.udacity.com/course/intermediate-python-nanodegree--nd303",
        "description": "Gain practitioner-level skills with Python and learn the language powering transformation in Data Science, Machine Learning, and beyond.",
        "category": "Programming",
        "language": "English",
        "skills": [
          "Python",
          "Data Science",
          "Machine Learning",
          "Web Development",
          "Data Mining",
          "File Classification"
        ],
        "instructors": [],
        "duration": "Estimated 2 months to complete",
        "site": "Udacity",
        "level": "Intermediate",
        "viewers": 5000,
        "prerequisites": [
          "Basic familiarity with programming in Python"
        ],
        "learning_outcomes": [
          "Python is a general-purpose coding language with applications in web development, data science, machine learning, fintech and more",
          "The Intermediate Python Nanodegree program equips you to leverage the capabilities of Python and streamline the functionality of applications that perform complex tasks, such as classifying files, data mining a webpage, etc",
          "By the end of the program, you’ll have a portfolio that demonstrates your ability to apply practicioner-level Python skills on the job"
        ],
        "price": "Paid",
        "provider": "Udacity"
      }
    },
    {
      "provider": "udacity",
      "original_data": {
        "_id": "68ac0cf969e0bdd621a8d958",
        "Title": "Experimental Design & Recommendations",
        "URL": "https://www.udacity.com/course/experimental-design-and-recommendations--cd0019",
        "Short Intro": "Learn two of the most in-demand skills in the entire field of data science! By the end of this course, you’ll know how to generate personalized recommendations based on user data, as well as run statistically valid tests that produce clean, interpretable results.",
        "Duration": "1 month to complete",
        "Site": "Udacity",
        "Program Type": "Course",
        "Courses": "Experimental Design & Recommendations",
        "Prequisites": "Python, Statistics, Machine Learning.",
        "What you learn": "The world’s leading tech companies — including Amazon, Netflix, and Spotify — all use recommendation engines to engage their users and experiments to improve their products. In this course, you’ll get a comprehensive breakdown of the techniques and considerations that go into building these systems (including pitfalls that invalidate your results if you’re not careful!). You’ll also complete two hands-on projects using real data from Starbucks and IBM’s Watson Studio platform."
      },
      "unified_data": {
        "title": "Experimental Design & Recommendations",
        "url": "https://www.udacity.com/course/experimental-design-and-recommendations--cd0019",
        "description": "Learn two of the most in-demand skills in the entire field of data science! By the end of this course, you’ll know how to generate personalized recommendations based on user data, as well as run statistically valid tests that produce clean, interpretable results.",
        "category": "Data Science",
        "language": "English",
        "skills": [
          "Experimental Design",
          "A/B Testing",
          "Recommendation Systems",
          "Statistical Analysis",
          "Python",
          "Machine Learning"
        ],
        "instructors": [],
        "duration": "1 month to complete",
        "site": "Udacity",
        "level": "Intermediate",
        "viewers": 5000,
        "prerequisites": [
          "Python, Statistics, Machine Learning"
        ],
        "learning_outcomes": [
          "The world’s leading tech companies — including Amazon, Netflix, and Spotify — all use recommendation engines to engage their users and experiments to improve their products",
          "In this course, you’ll get a comprehensive breakdown of the techniques and considerations that go into building these systems (including pitfalls that invalidate your results if you’re not careful",
          "You’ll also complete two hands-on projects using real data from Starbucks and IBM’s Watson Studio platform"
        ],
        "price": "Free",
        "provider": "Udacity"
      }
    }
  ]
}