{
  "user_query": "Show me some DATA SCIENCE course from UDacity",
  "execution_results": {
    "udacity": {
      "collection": "Udacity",
      "query": {
        "$or": [
          {
            "Main Category": {
              "$regex": "\\bData Science\\b",
              "$options": "i"
            }
          },
          {
            "Sub-Category": {
              "$regex": "\\bData Science\\b",
              "$options": "i"
            }
          },
          {
            "Short Intro": {
              "$regex": "\\bData Science\\b",
              "$options": "i"
            }
          }
        ]
      },
      "match_count": 9,
      "used_fallback": false,
      "execution_error": null
    }
  },
  "timestamp": "2025-08-26T23:42:20.777380"
}