{
  "user_query": "SHow me some Python courses from SImpliLearn",
  "execution_results": {
    "simplilearn": {
      "collection": "SimpliLearn",
      "query": {
        "$or": [
          {
            "Skills": {
              "$regex": "\\bPython\\b",
              "$options": "i"
            }
          },
          {
            "Title": {
              "$regex": "\\bPython\\b",
              "$options": "i"
            }
          }
        ]
      },
      "match_count": 2,
      "used_fallback": false,
      "execution_error": null
    }
  },
  "timestamp": "2025-08-26T14:32:15.239511"
}