{
  "user_query": "Show me some course related to Buiseness Law from FutureLearn",
  "execution_results": {
    "futurelearn": {
      "collection": "FutureLearn",
      "query": {
        "$or": [
          {
            "Category": {
              "$regex": "\\bBusiness Law\\b",
              "$options": "i"
            }
          },
          {
            "Short Intro": {
              "$regex": "\\bBusiness Law\\b",
              "$options": "i"
            }
          },
          {
            "Title": {
              "$regex": "\\bBusiness Law\\b",
              "$options": "i"
            }
          }
        ]
      },
      "match_count": 6,
      "used_fallback": false,
      "execution_error": null
    }
  },
  "timestamp": "2025-08-27T18:08:39.096774"
}