{
  "user_query": "SHow me some code based on Matlab",
  "generated_queries": {
    "coursera": {
      "$or": [
        {
          "Skills Covered": {
            "$regex": "\\bMatlab\\b",
            "$options": "i"
          }
        },
        {
          "Course Title": {
            "$regex": "\\bMatlab\\b",
            "$options": "i"
          }
        },
        {
          "Brief Description": {
            "$regex": "\\bMatlab\\b",
            "$options": "i"
          }
        }
      ]
    },
    "udacity": {
      "$or": [
        {
          "Skills Covered": {
            "$regex": "\\bMatlab\\b",
            "$options": "i"
          }
        },
        {
          "Course Title": {
            "$regex": "\\bMatlab\\b",
            "$options": "i"
          }
        },
        {
          "Brief Description": {
            "$regex": "\\bMatlab\\b",
            "$options": "i"
          }
        }
      ]
    },
    "futurelearn": {
      "$or": [
        {
          "Skills Covered": {
            "$regex": "\\bMatlab\\b",
            "$options": "i"
          }
        },
        {
          "Course Title": {
            "$regex": "\\bMatlab\\b",
            "$options": "i"
          }
        },
        {
          "Brief Description": {
            "$regex": "\\bMatlab\\b",
            "$options": "i"
          }
        }
      ]
    },
    "simplilearn": {
      "$or": [
        {
          "Skills Covered": {
            "$regex": "\\bMatlab\\b",
            "$options": "i"
          }
        },
        {
          "Course Title": {
            "$regex": "\\bMatlab\\b",
            "$options": "i"
          }
        },
        {
          "Brief Description": {
            "$regex": "\\bMatlab\\b",
            "$options": "i"
          }
        }
      ]
    }
  },
  "timestamp": "2025-08-26T22:51:21.745553"
}