{
  "user_query": "SHow me some course in NLP or Natural Language Processing",
  "generated_queries": {
    "coursera": {
      "$or": [
        {
          "Course Title": {
            "$regex": "\\bNLP\\b|\\bNatural Language Processing\\b",
            "$options": "i"
          }
        },
        {
          "Brief Description": {
            "$regex": "\\bNLP\\b|\\bNatural Language Processing\\b",
            "$options": "i"
          }
        },
        {
          "Skills Covered": {
            "$regex": "\\bNLP\\b|\\bNatural Language Processing\\b",
            "$options": "i"
          }
        },
        {
          "Main Category": {
            "$regex": "\\bNLP\\b|\\bNatural Language Processing\\b",
            "$options": "i"
          }
        },
        {
          "Sub-Category": {
            "$regex": "\\bNLP\\b|\\bNatural Language Processing\\b",
            "$options": "i"
          }
        }
      ]
    },
    "futurelearn": {
      "$or": [
        {
          "Course Title": {
            "$regex": "\\bNLP\\b|\\bNatural Language Processing\\b",
            "$options": "i"
          }
        },
        {
          "Brief Description": {
            "$regex": "\\bNLP\\b|\\bNatural Language Processing\\b",
            "$options": "i"
          }
        },
        {
          "Main Category": {
            "$regex": "\\bNLP\\b|\\bNatural Language Processing\\b",
            "$options": "i"
          }
        }
      ]
    },
    "simplilearn": {
      "$or": [
        {
          "Course Title": {
            "$regex": "\\bNLP\\b|\\bNatural Language Processing\\b",
            "$options": "i"
          }
        },
        {
          "Brief Description": {
            "$regex": "\\bNLP\\b|\\bNatural Language Processing\\b",
            "$options": "i"
          }
        },
        {
          "Skills Covered": {
            "$regex": "\\bNLP\\b|\\bNatural Language Processing\\b",
            "$options": "i"
          }
        },
        {
          "Main Category": {
            "$regex": "\\bNLP\\b|\\bNatural Language Processing\\b",
            "$options": "i"
          }
        }
      ]
    },
    "udacity": {
      "$or": [
        {
          "Course Title": {
            "$regex": "\\bNLP\\b|\\bNatural Language Processing\\b",
            "$options": "i"
          }
        },
        {
          "Brief Description": {
            "$regex": "\\bNLP\\b|\\bNatural Language Processing\\b",
            "$options": "i"
          }
        }
      ]
    }
  },
  "timestamp": "2025-08-26T06:13:43.236256"
}