[
  {
    "title": "Natural Language Processing Specialization",
    "url": "https://www.coursera.org/specializations/natural-language-processing",
    "description": "Break into NLP. Master cutting-edge NLP techniques through four hands-on courses! Updated with the latest techniques in October '21.",
    "category": "Data Science",
    "language": "English",
    "skills": [
      "Word2vec",
      "Machine Translation",
      "Sentiment Analysis",
      "Transformers",
      "Attention Models",
      "Word Embeddings",
      "Locality-Sensitive Hashing",
      "Vector Space Models",
      "Parts-of-Speech Tagging",
      "N-gram Language Models",
      "Autocorrect",
      "Word Embedding"
    ],
    "instructors": [
      "Younes Bensouda Mourri",
      "Łukasz Kaiser",
      "Eddy Shyu"
    ],
    "duration": "Approximately 4 months to complete",
    "site": "Coursera",
    "level": "Specialization",
    "viewers": 4787,
    "prerequisites": "Basic Python programming, probability and statistics, linear algebra, and some machine learning fundamentals are recommended.",
    "learning_outcomes": "Master cutting-edge NLP techniques, including Word2vec, transformers, sentiment analysis, and machine translation. Gain hands-on experience with word embeddings, attention models, and vector space models.",
    "price": "Coursera subscriptions vary. Check Coursera for current pricing (likely part of a monthly subscription).",
    "provider": "Coursera",
    "original_provider_id": "68aa13e9b82e4c2125465ffe",
    "source_provider": "coursera"
  },
  {
    "title": "Practical Data Science on the AWS Cloud Specialization",
    "url": "https://www.coursera.org/specializations/practical-data-science",
    "description": "Become a cloud data science expert. Develop and scale your data science projects into the cloud using Amazon SageMaker",
    "category": "Data Science",
    "language": "English",
    "skills": [
      "Natural Language Processing with BERT",
      "ML Pipelines and ML Operations (MLOps)",
      "A/B Testing and Model Deployment",
      "Data Labeling at Scale",
      "Automated Machine Learning (AutoML)",
      "Statistical Data Bias Detection",
      "Multi-class Classification with FastText and BlazingText",
      "Data ingestion",
      "Exploratory Data Analysis",
      "ML Pipelines and MLOps",
      "Model Training and Deployment with BERT",
      "Model Debugging and Evaluation"
    ],
    "instructors": [
      "Antje Barth",
      "Shelbee Eigenbrode",
      "Sireesha Muppala",
      "Chris Fregly"
    ],
    "duration": "Approximately 3 months to complete",
    "site": "Coursera",
    "level": "Specialization",
    "viewers": 438,
    "prerequisites": [
      "Basic Python programming",
      "Familiarity with data science concepts",
      "Understanding of machine learning fundamentals"
    ],
    "learning_outcomes": "Develop and scale data science projects on the cloud using Amazon SageMaker. Master key skills like data ingestion, model training, deployment, and debugging, enabling you to become a cloud data science expert.",
    "price": "Coursera subscription required",
    "provider": "Coursera",
    "original_provider_id": "68aa13e9b82e4c2125466042",
    "source_provider": "coursera"
  },
  {
    "title": "PostgreSQL for Everybody Specialization",
    "url": "https://www.coursera.org/specializations/postgresql-for-everybody",
    "description": "SQL: From Basic to Advanced. Learn SQL skills you can use in an actual, real-world environment",
    "category": "Computer Science",
    "language": "English",
    "skills": [
      "Json",
      "Database (DBMS)",
      "Natural Language Processing",
      "SQL"
    ],
    "instructors": [
      "Charles Russell Severance"
    ],
    "duration": "Approximately 4 months to complete",
    "site": "Coursera",
    "level": "Specialization",
    "viewers": 803,
    "prerequisites": "Basic computer literacy. Familiarity with databases is helpful but not required.",
    "learning_outcomes": "Gain practical SQL skills for real-world database environments. Learn to use PostgreSQL for data management and build database applications. Enhance data manipulation abilities.",
    "price": "Coursera offers a free trial, after which a subscription is required to access graded materials and earn a certificate.",
    "provider": "Coursera",
    "original_provider_id": "68aa13e9b82e4c212546608a",
    "source_provider": "coursera"
  },
  {
    "title": "Microsoft Azure AI Fundamentals AI-900 Exam Prep Specialization",
    "url": "https://www.coursera.org/specializations/microsoft-azure-ai-900-ai-fundamentals",
    "description": "Launch Your Career in Artificial Intelligence. User services on Microsoft Azure to create AI solutions",
    "category": "Data Science",
    "language": "English",
    "skills": [
      "Describe fundamental principles of machine learning on Azure",
      "Describe AI workloads and considerations",
      "Describe features of conversational AI workloads on Azure",
      "Describe features of computer vision workloads on Azure",
      "Describe features of Natural Language Processing (NLP) workloads on Azure",
      "Artificial Intelligence (AI)",
      "Microsoft Azure",
      "Machine Learning",
      "Computer Vision",
      "Natural Language Processing",
      "Test Preparation"
    ],
    "instructors": [
      "Microsoft"
    ],
    "duration": "Approximately 4 months to complete",
    "site": "Coursera",
    "level": "Specialization",
    "viewers": 312,
    "prerequisites": "Basic computer literacy and familiarity with cloud computing concepts are recommended.",
    "learning_outcomes": "Learn to use Microsoft Azure services to create AI solutions, understand AI workloads, and describe fundamental machine learning principles. Prepare for the AI-900 certification exam.",
    "price": "Coursera subscriptions typically range from $49 to $79 per month; specific pricing depends on Coursera's subscription model.",
    "provider": "Coursera",
    "original_provider_id": "68aa13e9b82e4c21254660d5",
    "source_provider": "coursera"
  },
  {
    "title": "DeepLearning.AI TensorFlow Developer Professional Certificate",
    "url": "https://www.coursera.org/professional-certificates/tensorflow-in-practice",
    "description": "Instructor: Laurence Moroney ",
    "category": "Data Science",
    "language": "English",
    "skills": [
      "Computer Vision",
      "Convolutional Neural Network",
      "Machine Learning",
      "Natural Language Processing"
    ],
    "instructors": [
      "Laurence Moroney"
    ],
    "duration": "4 months at 5 hours a week",
    "site": "Coursera",
    "level": "Professional Certificate",
    "viewers": 19996,
    "prerequisites": "Basic Python programming, familiarity with machine learning concepts.",
    "learning_outcomes": "Build scalable TensorFlow applications, master best practices, and apply TensorFlow to computer vision, NLP, and sequence models. Earn a professional certificate.",
    "price": "Coursera subscription required",
    "provider": "Coursera",
    "original_provider_id": "68aa13e9b82e4c21254661a2",
    "source_provider": "coursera"
  },
  {
    "title": "Natural Language Processing with Classification and Vector Spaces",
    "url": "https://www.coursera.org/learn/classification-vector-spaces-in-nlp",
    "description": "In Course 1 of the Natural Language Processing Specialization, you will:   ",
    "category": "Data Science",
    "language": "English",
    "skills": [
      "Machine Translation",
      "Word Embeddings",
      "Locality-Sensitive Hashing",
      "Sentiment Analysis",
      "Vector Space Models"
    ],
    "instructors": [
      "Younes Bensouda Mourri"
    ],
    "duration": "Approx. 34 hours to complete",
    "site": "Coursera",
    "level": "Course",
    "viewers": 3876,
    "prerequisites": "Basic Python programming, familiarity with linear algebra concepts, and introductory machine learning knowledge.",
    "learning_outcomes": "Learn sentiment analysis, word embeddings, and vector space models. Understand machine translation and locality-sensitive hashing techniques for NLP tasks.",
    "price": "Coursera Subscription",
    "provider": "Coursera",
    "original_provider_id": "68aa13e9b82e4c212546629f",
    "source_provider": "coursera"
  },
  {
    "title": "Sequence Models",
    "url": "https://www.coursera.org/learn/nlp-sequence-models",
    "description": "In the fifth course of the Deep Learning Specialization, you will become familiar with sequence models and their exciting applications such as speech recognition, music synthesis, chatbots, machine translation, natural language processing (NLP), and more. ",
    "category": "Data Science",
    "language": "English",
    "skills": [
      "Natural Language Processing",
      "Long Short Term Memory (LSTM)",
      "Gated Recurrent Unit (GRU)",
      "Recurrent Neural Network",
      "Attention Models"
    ],
    "instructors": [
      "Andrew Ng"
    ],
    "duration": "Approx. 37 hours to complete",
    "site": "Coursera",
    "level": "Course",
    "viewers": 29226,
    "prerequisites": [
      "Basic understanding of deep learning concepts",
      "Familiarity with neural networks",
      "Experience with Python and a deep learning framework (e.g., TensorFlow, PyTorch)"
    ],
    "learning_outcomes": "Learn sequence models and their applications, including speech recognition, music synthesis, chatbots, machine translation, and natural language processing (NLP).",
    "price": "Paid",
    "provider": "Coursera",
    "original_provider_id": "68aa13e9b82e4c21254662d0",
    "source_provider": "coursera"
  },
  {
    "title": "Natural Language Processing with Probabilistic Models",
    "url": "https://www.coursera.org/learn/probabilistic-models-in-nlp",
    "description": "In Course 2 of the Natural Language Processing Specialization, you will:",
    "category": "Data Science",
    "language": "English",
    "skills": [
      "Word2vec",
      "Parts-of-Speech Tagging",
      "N-gram Language Models",
      "Autocorrect"
    ],
    "instructors": [
      "Younes Bensouda Mourri"
    ],
    "duration": "Approx. 31 hours to complete",
    "site": "Coursera",
    "level": "Course",
    "viewers": 1505,
    "prerequisites": "Basic Python programming, familiarity with linear algebra and probability, introductory NLP concepts recommended.",
    "learning_outcomes": "Understand and implement probabilistic models for NLP tasks, including N-gram language models, Parts-of-Speech tagging, and word embeddings like Word2vec for autocorrection.",
    "price": "Varies based on Coursera subscription or audit for free.",
    "provider": "Coursera",
    "original_provider_id": "68aa13e9b82e4c21254662fd",
    "source_provider": "coursera"
  },
  {
    "title": "Natural Language Processing with Attention Models",
    "url": "https://www.coursera.org/learn/attention-models-in-nlp",
    "description": "In Course 4 of the Natural Language Processing Specialization, you will:",
    "category": "Data Science",
    "language": "English",
    "skills": [
      "Reformer Models",
      "Neural Machine Translation",
      "Chatterbot",
      "T5+BERT Models",
      "Attention Models"
    ],
    "instructors": [
      "Younes Bensouda Mourri"
    ],
    "duration": "Approx. 35 hours to complete",
    "site": "Coursera",
    "level": "Course",
    "viewers": 861,
    "prerequisites": "Basic Python, Machine Learning fundamentals, familiarity with deep learning concepts.",
    "learning_outcomes": "Learn attention models, neural machine translation, and implement models like Reformer and T5+BERT. Build a chatbot and understand sequence-to-sequence models for NLP tasks.",
    "price": "Variable; subscription-based access to Coursera content.",
    "provider": "Coursera",
    "original_provider_id": "68aa13e9b82e4c2125466315",
    "source_provider": "coursera"
  },
  {
    "title": "Natural Language Processing in TensorFlow",
    "url": "https://www.coursera.org/learn/natural-language-processing-tensorflow",
    "description": "If you are a software developer who wants to build scalable AI-powered algorithms, you need to understand how to use the tools to build them. This Specialization will teach you best practices for using TensorFlow, a popular open-source framework for machine learning.",
    "category": "Data Science",
    "language": "English",
    "skills": [
      "Natural Language Processing",
      "Tokenization",
      "Machine Learning",
      "Tensorflow",
      "RNNs"
    ],
    "instructors": [
      "Laurence Moroney"
    ],
    "duration": "Approx. 24 hours to complete",
    "site": "Coursera",
    "level": "Course",
    "viewers": 6166,
    "prerequisites": "Basic programming knowledge, familiarity with Python, and a foundational understanding of machine learning concepts are recommended.",
    "learning_outcomes": "Learn to apply TensorFlow for natural language processing, build scalable AI algorithms, and implement best practices for machine learning tasks.",
    "price": "Coursera offers various pricing options, including subscription-based access to Specializations and individual course purchases. Check the Coursera website for current pricing details.",
    "provider": "Coursera",
    "original_provider_id": "68aa13e9b82e4c2125466337",
    "source_provider": "coursera"
  },
  {
    "title": "Natural Language Processing with Sequence Models",
    "url": "https://www.coursera.org/learn/sequence-models-in-nlp",
    "description": "In Course 3 of the Natural Language Processing Specialization, you will:",
    "category": "Data Science",
    "language": "English",
    "skills": [
      "Word Embedding",
      "Sentiment with Neural Nets",
      "Siamese Networks",
      "Natural Language Generation",
      "Named-Entity Recognition"
    ],
    "instructors": [
      "Younes Bensouda Mourri"
    ],
    "duration": "Approx. 24 hours to complete",
    "site": "Coursera",
    "level": "Course",
    "viewers": 1006,
    "prerequisites": "Basic Python programming, familiarity with machine learning concepts, and introductory knowledge of natural language processing.",
    "learning_outcomes": "Learn to build and train sequence models for NLP tasks. Understand LSTMs, GRUs, and attention mechanisms. Implement named-entity recognition and natural language generation models.",
    "price": "Coursera subscription required",
    "provider": "Coursera",
    "original_provider_id": "68aa13e9b82e4c212546635c",
    "source_provider": "coursera"
  },
  {
    "title": "Introduction to Machine Learning",
    "url": "https://www.coursera.org/learn/machine-learning-duke",
    "description": "This course will provide you a foundational understanding of machine learning models (logistic regression, multilayer perceptrons, convolutional neural networks, natural language processing, etc.) as well as demonstrate how these models can solve complex problems in a variety of industries, from medical diagnostics to image recognition to text prediction. In addition, we have designed practice exercises that will give you hands-on experience implementing these data science models on data sets. These practice exercises will teach you how to implement machine learning algorithms with PyTorch, open source libraries used by leading tech companies in the machine learning field (e.g., Google, NVIDIA, CocaCola, eBay, Snapchat, Uber and many more).",
    "category": "Data Science",
    "language": "English",
    "skills": [
      "Natural Language Processing",
      "Convolutional Neural Network",
      "Machine Learning",
      "Python Programming",
      "pytorch"
    ],
    "instructors": [
      "Lawrence Carin"
    ],
    "duration": "Approx. 21 hours to complete",
    "site": "Coursera",
    "level": "Course",
    "viewers": 3264,
    "prerequisites": [
      "Basic Python programming knowledge, familiarity with data structures, and a foundational understanding of mathematics (linear algebra and calculus) are recommended."
    ],
    "learning_outcomes": [
      "Gain a foundational understanding of various machine learning models. Learn to implement these models using PyTorch on real-world datasets. Develop practical skills in solving complex problems across diverse industries."
    ],
    "price": "Paid",
    "provider": "Coursera",
    "original_provider_id": "68aa13e9b82e4c21254663bf",
    "source_provider": "coursera"
  },
  {
    "title": "Probabilistic Graphical Models 1: Representation",
    "url": "https://www.coursera.org/learn/probabilistic-graphical-models",
    "description": "Probabilistic graphical models (PGMs) are a rich framework for encoding probability distributions over complex domains: joint (multivariate) distributions over large numbers of random variables that interact with each other. These representations sit at the intersection of statistics and computer science, relying on concepts from probability theory, graph algorithms, machine learning, and more. They are the basis for the state-of-the-art methods in a wide variety of applications, such as medical diagnosis, image understanding, speech recognition, natural language processing, and many, many more. They are also a foundational tool in formulating many machine learning problems. ",
    "category": "Data Science",
    "language": "English",
    "skills": [
      "Bayesian Network",
      "Graphical Model",
      "Markov Random Field"
    ],
    "instructors": [
      "Daphne Koller"
    ],
    "duration": "Approx. 66 hours to complete",
    "site": "Coursera",
    "level": "Course",
    "viewers": 1408,
    "prerequisites": [
      "Probability theory, basic graph algorithms, and introductory machine learning concepts.",
      "Linear algebra and calculus are helpful."
    ],
    "learning_outcomes": [
      "Understand and represent complex probability distributions using PGMs.",
      "Apply PGMs in diverse fields like medical diagnosis and NLP.",
      "Formulate machine learning problems using PGM frameworks."
    ],
    "price": "Coursera offers courses for free with limited access. Paid subscriptions provide full access and certificates.",
    "provider": "Coursera",
    "original_provider_id": "68aa13e9b82e4c21254663cb",
    "source_provider": "coursera"
  },
  {
    "title": "JSON and Natural Language Processing in PostgreSQL",
    "url": "https://www.coursera.org/learn/json-natural-language-processing-postgresql?specialization=postgresql-for-everybody",
    "description": "Within this course, you’ll learn about how PostgreSQL creates and uses inverted indexes for JSON and natural language content. We will use various sources of data for our databases, including access to an online API and spidering its data and storing the data in a JSON column in PostgreSQL.  Students will explore how full-text inverted indexes are structured.  Students will build their own inverted indexes and then make use of PostgreSQL built-in capabilities to support full-text indexes.",
    "category": "Computer Science",
    "language": "English",
    "skills": [
      "JSON",
      "Natural Language Processing",
      "PostgreSQL",
      "Inverted Indexing",
      "API Interaction",
      "Data Spidering",
      "Full-Text Indexing"
    ],
    "instructors": [
      "Charles Russell Severance"
    ],
    "duration": "Approx. 16 hours to complete",
    "site": "Coursera",
    "level": "Course",
    "viewers": 105,
    "prerequisites": [
      "Basic understanding of databases",
      "Familiarity with SQL",
      "Some programming experience (e.g., Python) helpful"
    ],
    "learning_outcomes": "Learn how PostgreSQL uses inverted indexes for JSON and natural language data. Build custom indexes and leverage PostgreSQL's built-in full-text indexing capabilities using data from APIs and web spidering.",
    "price": "Paid",
    "provider": "Coursera",
    "original_provider_id": "68aa13e9b82e4c2125466418",
    "source_provider": "coursera"
  },
  {
    "title": "Natural Language Processing with Probabilistic Models",
    "url": "https://www.coursera.org/learn/probabilistic-models-in-nlp?specialization=natural-language-processing",
    "description": "In Course 2 of the Natural Language Processing Specialization, you will:",
    "category": "Data Science",
    "language": "English",
    "skills": [
      "Word2vec",
      "Parts-of-Speech Tagging",
      "N-gram Language Models",
      "Autocorrect"
    ],
    "instructors": [
      "Younes Bensouda Mourri"
    ],
    "duration": "Approx. 31 hours to complete",
    "site": "Coursera",
    "level": "Course",
    "viewers": 1505,
    "prerequisites": "Basic programming knowledge, familiarity with Python, and introductory knowledge of linear algebra and calculus are recommended.",
    "learning_outcomes": "Learn to implement hidden Markov models, use Viterbi algorithm for part-of-speech tagging, apply N-gram models, and build autocorrect algorithms using probabilistic techniques.",
    "price": "Coursera offers a free audit option. Paid options, such as a subscription, may apply for graded assignments and a certificate.",
    "provider": "Coursera",
    "original_provider_id": "68aa13e9b82e4c212546642a",
    "source_provider": "coursera"
  },
  {
    "title": "Applied Text Mining in Python",
    "url": "https://www.coursera.org/learn/python-text-mining?specialization=data-science-python",
    "description": "This course will introduce the learner to text mining and text manipulation basics. The course begins with an understanding of how text is handled by python, the structure of text both to the machine and to humans, and an overview of the nltk framework for manipulating text. The second week focuses on common manipulation needs, including regular expressions (searching for text), cleaning text, and preparing text for use by machine learning processes. The third week will apply basic natural language processing methods to text, and demonstrate how text classification is accomplished. The final week will explore more advanced methods for detecting the topics in documents and grouping them by similarity (topic modelling). ",
    "category": "Data Science",
    "language": "English",
    "skills": [
      "Natural Language Toolkit (NLTK)",
      "Text Mining",
      "Python Programming",
      "Natural Language Processing"
    ],
    "instructors": [
      "V. G. Vinod Vydiswaran"
    ],
    "duration": "Approx. 25 hours to complete",
    "site": "Coursera",
    "level": "Course",
    "viewers": 3743,
    "prerequisites": [
      "Basic Python programming knowledge, familiarity with data structures."
    ],
    "learning_outcomes": [
      "Understand text handling in Python, apply regular expressions for text searching and cleaning, perform text classification, and use topic modeling techniques."
    ],
    "price": "Paid",
    "provider": "Coursera",
    "original_provider_id": "68aa13e9b82e4c2125466434",
    "source_provider": "coursera"
  },
  {
    "title": "Data Mining Project",
    "url": "https://www.coursera.org/learn/data-mining-project?specialization=data-mining",
    "description": "Note: You should complete all the other courses in this Specialization before beginning this course.",
    "category": "Data Science",
    "language": "English",
    "skills": [
      "Data Clustering Algorithms",
      "Data Analysis",
      "Natural Language Processing",
      "Data Mining"
    ],
    "instructors": [
      "Jiawei Han"
    ],
    "duration": "Approx. 10 hours to complete",
    "site": "Coursera",
    "level": "Course",
    "viewers": 43,
    "prerequisites": [],
    "learning_outcomes": [],
    "price": "",
    "provider": "Coursera",
    "original_provider_id": "68aa13e9b82e4c21254664d7",
    "source_provider": "coursera"
  },
  {
    "title": "Preparing for AI-900: Microsoft Azure AI Fundamentals exam",
    "url": "https://www.coursera.org/learn/microsoft-ai-900-exam-prep?specialization=microsoft-azure-ai-900-ai-fundamentals",
    "description": "Microsoft certifications give you a professional advantage by providing globally recognized and industry-endorsed evidence of mastering skills in digital and cloud businesses.​​ In this course, you will prepare to take the AI-900 Microsoft Azure AI Fundamentals certification exam. ",
    "category": "Data Science",
    "language": "English",
    "skills": [
      "Natural Language Processing",
      "Test Preparation",
      "Artificial Intelligence (AI)",
      "Machine Learning",
      "Microsoft Azure"
    ],
    "instructors": [
      "Microsoft"
    ],
    "duration": "Approx. 9 hours to complete",
    "site": "Coursera",
    "level": "Course",
    "viewers": 53,
    "prerequisites": [],
    "learning_outcomes": [],
    "price": "",
    "provider": "Coursera",
    "original_provider_id": "68aa13e9b82e4c21254665e7",
    "source_provider": "coursera"
  },
  {
    "title": "Computational Social Science Capstone Project",
    "url": "https://www.coursera.org/learn/css-capstone?specialization=computational-social-science-ucdavis",
    "description": "CONGRATULATIONS! Not only did you accomplish to finish our intellectual tour de force, but, by now, you also already have all required skills to execute a comprehensive multi-method workflow of computational social science. We will put these skills to work in this final integrative lab, where we are bringing it all together. We scrape data from a social media site (drawing on the skills obtained in the 1st course of this specialization). We then analyze the collected data by visualizing the resulting networks (building on the skills obtained in the 3rd course). We analyze some key aspects of it in depth, using machine learning powered natural language processing (putting to work the insights obtained during the 2nd course). Finally, we use a computer simulation model to explore possible generative mechanism and scrutinize aspects that we did not find in our empirical reality, but that help us to improve this aspect of society (drawing on the skills obtained during the 4th course of this specialization). The result is the first glimpse at a new way of doing social science in a digital age: computational social science. Congratulations! Having done all of this yourself, you can consider yourself a fledgling computational social scientist!",
    "category": "Data Science",
    "language": "English",
    "skills": [
      "Data scraping",
      "Network visualization",
      "Machine learning",
      "Natural language processing (NLP)",
      "Computer simulation modeling",
      "Multi-method workflow"
    ],
    "instructors": [
      "Martin Hilbert"
    ],
    "duration": "Approx. 13 hours to complete",
    "site": "Coursera",
    "level": "Course",
    "viewers": 34,
    "prerequisites": [
      "Completion of the Computational Social Science specialization courses on Coursera or equivalent knowledge.",
      "Familiarity with Python programming.",
      "Basic understanding of social science concepts and research methods."
    ],
    "learning_outcomes": "Apply a comprehensive multi-method workflow to a computational social science project. Scrape data, visualize networks, use machine learning for NLP, and create computer simulation models to analyze and improve aspects of society.",
    "price": "Part of a paid specialization, individual course price may vary. Free audit available.",
    "provider": "Coursera",
    "original_provider_id": "68aa13e9b82e4c2125466616",
    "source_provider": "coursera"
  },
  {
    "title": "Natural Language Processing with Sequence Models",
    "url": "https://www.coursera.org/learn/sequence-models-in-nlp?specialization=natural-language-processing",
    "description": "In Course 3 of the Natural Language Processing Specialization, you will:",
    "category": "Data Science",
    "language": "English",
    "skills": [
      "Word Embedding",
      "Sentiment with Neural Nets",
      "Siamese Networks",
      "Natural Language Generation",
      "Named-Entity Recognition"
    ],
    "instructors": [
      "Younes Bensouda Mourri"
    ],
    "duration": "Approx. 24 hours to complete",
    "site": "Coursera",
    "level": "Course",
    "viewers": 1006,
    "prerequisites": [],
    "learning_outcomes": [],
    "price": "",
    "provider": "Coursera",
    "original_provider_id": "68aa13e9b82e4c21254666d5",
    "source_provider": "coursera"
  },
  {
    "title": "Natural Language Processing with Classification and Vector Spaces",
    "url": "https://www.coursera.org/learn/classification-vector-spaces-in-nlp?specialization=natural-language-processing",
    "description": "In Course 1 of the Natural Language Processing Specialization, you will:   ",
    "category": "Data Science",
    "language": "English",
    "skills": [
      "Machine Translation",
      "Word Embeddings",
      "Locality-Sensitive Hashing",
      "Sentiment Analysis",
      "Vector Space Models"
    ],
    "instructors": [
      "Younes Bensouda Mourri"
    ],
    "duration": "Approx. 34 hours to complete",
    "site": "Coursera",
    "level": "Course",
    "viewers": 3876,
    "prerequisites": [],
    "learning_outcomes": [],
    "price": "",
    "provider": "Coursera",
    "original_provider_id": "68aa13e9b82e4c21254666f4",
    "source_provider": "coursera"
  },
  {
    "title": "AI Workflow: Machine Learning, Visual Recognition and NLP",
    "url": "https://www.coursera.org/learn/ibm-ai-workflow-machine-learning-vr-nlp?specialization=ibm-ai-workflow",
    "description": "This is the fourth course in the IBM AI Enterprise Workflow Certification specialization.    You are STRONGLY encouraged to complete these courses in order as they are not individual independent courses, but part of a workflow where each course builds on the previous ones. ",
    "category": "Data Science",
    "language": "English",
    "skills": [
      "Data Science",
      "Information Engineering",
      "Artificial Intelligence (AI)",
      "Machine Learning",
      "Python Programming"
    ],
    "instructors": [
      "Mark J Grover"
    ],
    "duration": "Approx. 13 hours to complete",
    "site": "Coursera",
    "level": "Course",
    "viewers": 67,
    "prerequisites": [],
    "learning_outcomes": [],
    "price": "",
    "provider": "Coursera",
    "original_provider_id": "68aa13e9b82e4c2125466720",
    "source_provider": "coursera"
  },
  {
    "title": "Sequence Models",
    "url": "https://www.coursera.org/learn/nlp-sequence-models?specialization=deep-learning",
    "description": "In the fifth course of the Deep Learning Specialization, you will become familiar with sequence models and their exciting applications such as speech recognition, music synthesis, chatbots, machine translation, natural language processing (NLP), and more. ",
    "category": "Data Science",
    "language": "English",
    "skills": [
      "Natural Language Processing",
      "Long Short Term Memory (LSTM)",
      "Gated Recurrent Unit (GRU)",
      "Recurrent Neural Network",
      "Attention Models"
    ],
    "instructors": [
      "Andrew Ng"
    ],
    "duration": "Approx. 37 hours to complete",
    "site": "Coursera",
    "level": "Course",
    "viewers": 29226,
    "prerequisites": [],
    "learning_outcomes": [],
    "price": "",
    "provider": "Coursera",
    "original_provider_id": "68aa13e9b82e4c212546672f",
    "source_provider": "coursera"
  },
  {
    "title": "Natural Language Processing in Microsoft Azure",
    "url": "https://www.coursera.org/learn/nlp-microsoft-azure?specialization=microsoft-azure-ai-900-ai-fundamentals",
    "description": "Natural language processing supports applications that can see, hear, speak with, and understand users. Using text analytics, translation, and language understanding services, Microsoft Azure makes it easy to build applications that support natural language.",
    "category": "Data Science",
    "language": "English",
    "skills": [
      "Artificial Intelligence (AI)",
      "Microsoft Azure",
      "Natural Language Processing"
    ],
    "instructors": [
      "Microsoft"
    ],
    "duration": "Approx. 7 hours to complete",
    "site": "Coursera",
    "level": "Course",
    "viewers": 59,
    "prerequisites": [],
    "learning_outcomes": [],
    "price": "",
    "provider": "Coursera",
    "original_provider_id": "68aa13e9b82e4c2125466741",
    "source_provider": "coursera"
  },
  {
    "title": "Applying Data Analytics in Accounting",
    "url": "https://www.coursera.org/learn/applying-data-analytics-accounting?specialization=analytics",
    "description": "This course explores business analytic applications in accounting. First, it presents a survey of technology topics in accounting, including process mining, blockchain and applications in audit, tax, and assurance. Next, the course explores visualization and basic analytics in audit and control testing using R and Alteryx. Next, the course examines the uses of text analysis in accounting and conducts text analysis using R and RStudio. Finally, the course examines robot process automation in general using UiPath and its applications in accounting.",
    "category": "Business",
    "language": "English",
    "skills": [
      "Natural Language Processing",
      "robotic process automation",
      "Analytics",
      "Data Analysis",
      "Accounting Analytics"
    ],
    "instructors": [
      "Gies College of Business",
      "University of Illinois"
    ],
    "duration": "Approx. 13 hours to complete",
    "site": "Coursera",
    "level": "Course",
    "viewers": 19,
    "prerequisites": [],
    "learning_outcomes": [],
    "price": "",
    "provider": "Coursera",
    "original_provider_id": "68aa13e9b82e4c2125466772",
    "source_provider": "coursera"
  },
  {
    "title": "Data Science Capstone",
    "url": "https://www.coursera.org/learn/data-science-project?specialization=data-science-statistics-machine-learning",
    "description": "The capstone project class will allow students to create a usable/public data product that can be used to show your skills to potential employers. Projects will be drawn from real-world problems and will be conducted with industry, government, and academic partners.",
    "category": "Data Science",
    "language": "English",
    "skills": [
      "Data Science",
      "Machine Learning",
      "R Programming",
      "Natural Language Processing"
    ],
    "instructors": [
      "Jeff Leek",
      "PhD"
    ],
    "duration": "Approx. 5 hours to complete",
    "site": "Coursera",
    "level": "Course",
    "viewers": 1210,
    "prerequisites": [],
    "learning_outcomes": [],
    "price": "",
    "provider": "Coursera",
    "original_provider_id": "68aa13e9b82e4c212546678c",
    "source_provider": "coursera"
  },
  {
    "title": "Probabilistic Graphical Models 2: Inference",
    "url": "https://www.coursera.org/learn/probabilistic-graphical-models-2-inference?specialization=probabilistic-graphical-models",
    "description": "Probabilistic graphical models (PGMs) are a rich framework for encoding probability distributions over complex domains: joint (multivariate) distributions over large numbers of random variables that interact with each other. These representations sit at the intersection of statistics and computer science, relying on concepts from probability theory, graph algorithms, machine learning, and more. They are the basis for the state-of-the-art methods in a wide variety of applications, such as medical diagnosis, image understanding, speech recognition, natural language processing, and many, many more. They are also a foundational tool in formulating many machine learning problems. ",
    "category": "Data Science",
    "language": "English",
    "skills": [
      "Inference",
      "Gibbs Sampling",
      "Markov Chain Monte Carlo (MCMC)",
      "Belief Propagation"
    ],
    "instructors": [
      "Daphne Koller"
    ],
    "duration": "Approx. 38 hours to complete",
    "site": "Coursera",
    "level": "Course",
    "viewers": 479,
    "prerequisites": [],
    "learning_outcomes": [],
    "price": "",
    "provider": "Coursera",
    "original_provider_id": "68aa13e9b82e4c21254667a0",
    "source_provider": "coursera"
  },
  {
    "title": " Build, Train, and Deploy ML Pipelines using BERT",
    "url": "https://www.coursera.org/learn/ml-pipelines-bert?specialization=practical-data-science",
    "description": "In the second course of the Practical Data Science Specialization, you will learn to automate a natural language processing task by building an end-to-end machine learning pipeline using Hugging Face’s highly-optimized implementation of the state-of-the-art BERT algorithm with Amazon SageMaker Pipelines. Your pipeline will first transform the dataset into BERT-readable features and store the features in the Amazon SageMaker Feature Store. It will then fine-tune a text classification model to the dataset using a Hugging Face pre-trained model, which has learned to understand the human language from millions of Wikipedia documents. Finally, your pipeline will evaluate the model’s accuracy and only deploy the model if the accuracy exceeds a given threshold.",
    "category": "Data Science",
    "language": "English",
    "skills": [
      "ML Pipelines and MLOps",
      "Model Training and Deployment with BERT",
      "Model Debugging and Evaluation",
      "Feature engineering and feature store",
      "Artifact and lineage tracking"
    ],
    "instructors": [
      "Antje Barth"
    ],
    "duration": "Approx. 10 hours to complete",
    "site": "Coursera",
    "level": "Course",
    "viewers": 127,
    "prerequisites": [],
    "learning_outcomes": [],
    "price": "",
    "provider": "Coursera",
    "original_provider_id": "68aa13e9b82e4c21254667af",
    "source_provider": "coursera"
  },
  {
    "title": "Data Science Capstone",
    "url": "https://www.coursera.org/learn/data-science-project?specialization=jhu-data-science",
    "description": "The capstone project class will allow students to create a usable/public data product that can be used to show your skills to potential employers. Projects will be drawn from real-world problems and will be conducted with industry, government, and academic partners.",
    "category": "Data Science",
    "language": "English",
    "skills": [
      "Data Science",
      "Machine Learning",
      "R Programming",
      "Natural Language Processing"
    ],
    "instructors": [
      "Jeff Leek",
      "PhD"
    ],
    "duration": "Approx. 5 hours to complete",
    "site": "Coursera",
    "level": "Course",
    "viewers": 1210,
    "prerequisites": [],
    "learning_outcomes": [],
    "price": "",
    "provider": "Coursera",
    "original_provider_id": "68aa13e9b82e4c21254667e3",
    "source_provider": "coursera"
  },
  {
    "title": "Probabilistic Graphical Models 1: Representation",
    "url": "https://www.coursera.org/learn/probabilistic-graphical-models?specialization=probabilistic-graphical-models",
    "description": "Probabilistic graphical models (PGMs) are a rich framework for encoding probability distributions over complex domains: joint (multivariate) distributions over large numbers of random variables that interact with each other. These representations sit at the intersection of statistics and computer science, relying on concepts from probability theory, graph algorithms, machine learning, and more. They are the basis for the state-of-the-art methods in a wide variety of applications, such as medical diagnosis, image understanding, speech recognition, natural language processing, and many, many more. They are also a foundational tool in formulating many machine learning problems. ",
    "category": "Data Science",
    "language": "English",
    "skills": [
      "Bayesian Network",
      "Graphical Model",
      "Markov Random Field"
    ],
    "instructors": [
      "Daphne Koller"
    ],
    "duration": "Approx. 66 hours to complete",
    "site": "Coursera",
    "level": "Course",
    "viewers": 1408,
    "prerequisites": [],
    "learning_outcomes": [],
    "price": "",
    "provider": "Coursera",
    "original_provider_id": "68aa13e9b82e4c212546682f",
    "source_provider": "coursera"
  },
  {
    "title": "Clinical Natural Language Processing",
    "url": "https://www.coursera.org/learn/clinical-natural-language-processing?specialization=clinical-data-science",
    "description": "This course teaches you the fundamentals of clinical natural language processing (NLP). In this course you will learn the basic linguistic principals underlying NLP, as well as how to write regular expressions and handle text data in R. You will also learn practical techniques for text processing to be able to extract information from clinical notes.  Finally, you will have a chance to put your skills to the test with a real-world practical application where you develop text processing algorithms to identify diabetic complications from clinical notes. You will complete this work using a free, online computational environment for data science hosted by our Industry Partner Google Cloud.",
    "category": "Data Science",
    "language": "English",
    "skills": [],
    "instructors": [
      "Laura K. Wiley",
      "PhD"
    ],
    "duration": "Approx. 12 hours to complete",
    "site": "Coursera",
    "level": "Course",
    "viewers": 20,
    "prerequisites": [],
    "learning_outcomes": [],
    "price": "",
    "provider": "Coursera",
    "original_provider_id": "68aa13e9b82e4c21254668df",
    "source_provider": "coursera"
  },
  {
    "title": "Probabilistic Graphical Models 3: Learning",
    "url": "https://www.coursera.org/learn/probabilistic-graphical-models-3-learning?specialization=probabilistic-graphical-models",
    "description": "Probabilistic graphical models (PGMs) are a rich framework for encoding probability distributions over complex domains: joint (multivariate) distributions over large numbers of random variables that interact with each other. These representations sit at the intersection of statistics and computer science, relying on concepts from probability theory, graph algorithms, machine learning, and more. They are the basis for the state-of-the-art methods in a wide variety of applications, such as medical diagnosis, image understanding, speech recognition, natural language processing, and many, many more. They are also a foundational tool in formulating many machine learning problems. ",
    "category": "Data Science",
    "language": "English",
    "skills": [
      "Algorithms",
      "Expectation–Maximization (EM) Algorithm",
      "Graphical Model",
      "Markov Random Field"
    ],
    "instructors": [
      "Daphne Koller"
    ],
    "duration": "Approx. 66 hours to complete",
    "site": "Coursera",
    "level": "Course",
    "viewers": 297,
    "prerequisites": [],
    "learning_outcomes": [],
    "price": "",
    "provider": "Coursera",
    "original_provider_id": "68aa13e9b82e4c2125466974",
    "source_provider": "coursera"
  },
  {
    "title": "Natural Language Processing with Attention Models",
    "url": "https://www.coursera.org/learn/attention-models-in-nlp?specialization=natural-language-processing",
    "description": "In Course 4 of the Natural Language Processing Specialization, you will:",
    "category": "Data Science",
    "language": "English",
    "skills": [
      "Reformer Models",
      "Neural Machine Translation",
      "Chatterbot",
      "T5+BERT Models",
      "Attention Models"
    ],
    "instructors": [
      "Younes Bensouda Mourri"
    ],
    "duration": "Approx. 35 hours to complete",
    "site": "Coursera",
    "level": "Course",
    "viewers": 861,
    "prerequisites": [],
    "learning_outcomes": [],
    "price": "",
    "provider": "Coursera",
    "original_provider_id": "68aa13e9b82e4c2125466988",
    "source_provider": "coursera"
  },
  {
    "title": "Applied Artificial Intelligence: Natural Language Processing",
    "url": "https://www.futurelearn.com/courses/cloudswyft-msft-natural-language-processing-advanced",
    "description": "Learn how Natural Language Processing is a crucial component in AI and understand its core problems. ",
    "category": "",
    "language": "",
    "skills": [],
    "instructors": [],
    "duration": "3 weeks",
    "site": "Future Learn",
    "level": "",
    "viewers": 0,
    "prerequisites": [],
    "learning_outcomes": [],
    "price": " After your free trial you can: Pay $39 per month to keep learning online Have complete control over your subscription; you can cancel any time Work at your own pace and set your own deadlines at every stage Only pay while youâ€™re learning; the subscription will cancel automatically when you finish Complete online assessments to test your knowledge and prove your skills Earn digital course certificates and a final award that you can share online, with potential employers, and your professional network Keep access to the content of courses you complete even after your subscription ends",
    "provider": "Futurelearn",
    "original_provider_id": "68ac020e69e0bdd621a8c4d0",
    "source_provider": "futurelearn"
  },
  {
    "title": "Applied Artificial Intelligence: Natural Language Processing",
    "url": "https://www.futurelearn.com/courses/cloudswyft-msft-natural-language-processing-advanced",
    "description": "Learn how Natural Language Processing is a crucial component in AI and understand its core problems. ",
    "category": "",
    "language": "",
    "skills": [],
    "instructors": [],
    "duration": "3 weeks",
    "site": "Future Learn",
    "level": "",
    "viewers": 0,
    "prerequisites": [],
    "learning_outcomes": [],
    "price": " After your free trial you can: Pay $39 per month to keep learning online Have complete control over your subscription; you can cancel any time Work at your own pace and set your own deadlines at every stage Only pay while youâ€™re learning; the subscription will cancel automatically when you finish Complete online assessments to test your knowledge and prove your skills Earn digital course certificates and a final award that you can share online, with potential employers, and your professional network Keep access to the content of courses you complete even after your subscription ends",
    "provider": "Futurelearn",
    "original_provider_id": "68ac020e69e0bdd621a8c77a",
    "source_provider": "futurelearn"
  },
  {
    "title": "Applied Artificial Intelligence: Natural Language Processing",
    "url": "https://www.futurelearn.com/courses/cloudswyft-msft-natural-language-processing-advanced",
    "description": "Learn how Natural Language Processing is a crucial component in AI and understand its core problems. ",
    "category": "",
    "language": "",
    "skills": [],
    "instructors": [],
    "duration": "3 weeks",
    "site": "Future Learn",
    "level": "",
    "viewers": 0,
    "prerequisites": [],
    "learning_outcomes": [],
    "price": " After your free trial you can: Pay $39 per month to keep learning online Have complete control over your subscription; you can cancel any time Work at your own pace and set your own deadlines at every stage Only pay while youâ€™re learning; the subscription will cancel automatically when you finish Complete online assessments to test your knowledge and prove your skills Earn digital course certificates and a final award that you can share online, with potential employers, and your professional network Keep access to the content of courses you complete even after your subscription ends",
    "provider": "Futurelearn",
    "original_provider_id": "68ac020f69e0bdd621a8cdf5",
    "source_provider": "futurelearn"
  },
  {
    "title": "Applied Artificial Intelligence: Natural Language Processing",
    "url": "https://www.futurelearn.com/courses/cloudswyft-msft-natural-language-processing-advanced",
    "description": "Learn how Natural Language Processing is a crucial component in AI and understand its core problems. ",
    "category": "",
    "language": "",
    "skills": [],
    "instructors": [],
    "duration": "3 weeks",
    "site": "Future Learn",
    "level": "",
    "viewers": 0,
    "prerequisites": [],
    "learning_outcomes": [],
    "price": " After your free trial you can: Pay $39 per month to keep learning online Have complete control over your subscription; you can cancel any time Work at your own pace and set your own deadlines at every stage Only pay while youâ€™re learning; the subscription will cancel automatically when you finish Complete online assessments to test your knowledge and prove your skills Earn digital course certificates and a final award that you can share online, with potential employers, and your professional network Keep access to the content of courses you complete even after your subscription ends",
    "provider": "Futurelearn",
    "original_provider_id": "68ac021069e0bdd621a8d217",
    "source_provider": "futurelearn"
  },
  {
    "title": "Artificial Intelligence Engineer",
    "url": "https://www.simplilearn.com/search?item_type=course%2Cbundle%2Ccohort_master%2Cuniversity_master&tag=Artificial%20Intelligence%20Engineer",
    "description": "Accelerate your career with this Master's in Artificial Intelligence in conjunction with IBM. This program includes industry-relevant courses, such as Data Science with Python, Machine Learning, Deep Learning, NLP, and Chat GPT and also features hackathons and AMA sessions hosted by IBM. Get job-ready in the AI domain with Capstone projects, practical labs, live sessions, and hands-on projects.",
    "category": "Simplilearn",
    "language": " Career Karma",
    "skills": [],
    "instructors": [
      "AI & Machine Learning"
    ],
    "duration": "",
    "site": "",
    "level": "Ranked #1 Masters in Artificial Intelligence Program by Career Karma",
    "viewers": 0,
    "prerequisites": [],
    "learning_outcomes": [],
    "price": "",
    "provider": "Simplilearn",
    "original_provider_id": "68ac04f569e0bdd621a8d7e8",
    "source_provider": "simplilearn"
  },
  {
    "title": "Become a Natural Language Processing Expert",
    "url": "https://www.udacity.com/course/natural-language-processing-nanodegree--nd892",
    "description": "Master the skills to get computers to understand, process, and manipulate human language. Build models on real data, and get hands-on experience with sentiment analysis, machine translation, and more.",
    "category": "",
    "language": "",
    "skills": [],
    "instructors": [],
    "duration": "3 Months to complete",
    "site": "Udacity",
    "level": "",
    "viewers": 0,
    "prerequisites": [
      "This program requires experience with Python, statistics, machine learning, and deep learning"
    ],
    "learning_outcomes": [
      "Learn cutting-edge natural language processing techniques to process speech and analyze text",
      "Build probabilistic and deep learning models, such as hidden Markov models and recurrent neural networks, to teach the computer to do tasks such as speech recognition, machine translation, and more"
    ],
    "price": "",
    "provider": "Udacity",
    "original_provider_id": "68ac0cf969e0bdd621a8d917",
    "source_provider": "udacity"
  },
  {
    "title": "Data Engineering for Data Scientists",
    "url": "https://www.udacity.com/course/data-engineering-for-data-scientists--cd0018",
    "description": "Learn how to wrangle data on a massive scale! By the end of this course, you’ll be able to pull data from a wide range of sources, store it in a database, and create data pipelines (ETL, NLP, machine learning) that power real-world web applications.",
    "category": "",
    "language": "",
    "skills": [],
    "instructors": [],
    "duration": "1 month to complete",
    "site": "Udacity",
    "level": "",
    "viewers": 0,
    "prerequisites": [
      "Python, SQL, Statistics, Machine Learning"
    ],
    "learning_outcomes": [
      "For many companies, data scientists who can also tackle data-engineering problems are worth their weight in gold",
      "In this course, you’ll learn how to unlock data silos, pulling data from multiple sources and pipelining it into usable forms for analysts and top-level decision makers",
      "At the end, you’ll even build an impressive machine-learning-powered web application that has real-world, life-saving significance"
    ],
    "price": "",
    "provider": "Udacity",
    "original_provider_id": "68ac0cf969e0bdd621a8d955",
    "source_provider": "udacity"
  }
]