{
  "user_query": "can you show me some courses from SimpliLearn related to Deep Learning",
  "generated_queries": {
    "simplilearn": {
      "$or": [
        {
          "Main Category": {
            "$regex": "\\bDeep Learning\\b",
            "$options": "i"
          }
        },
        {
          "Skills Covered": {
            "$regex": "\\bDeep Learning\\b",
            "$options": "i"
          }
        },
        {
          "Brief Description": {
            "$regex": "\\bDeep Learning\\b",
            "$options": "i"
          }
        }
      ]
    }
  },
  "timestamp": "2025-08-27T18:37:51.395749"
}