{
  "user_query": "can you show me some courses from SimpliLearn related to Deep Learning",
  "execution_results": {
    "simplilearn": {
      "collection": "SimpliLearn",
      "query": {
        "$or": [
          {
            "Category": {
              "$regex": "\\bDeep Learning\\b",
              "$options": "i"
            }
          },
          {
            "Skills": {
              "$regex": "\\bDeep Learning\\b",
              "$options": "i"
            }
          },
          {
            "Short Intro": {
              "$regex": "\\bDeep Learning\\b",
              "$options": "i"
            }
          }
        ]
      },
      "match_count": 2,
      "used_fallback": false,
      "execution_error": null
    }
  },
  "timestamp": "2025-08-27T18:37:51.398754"
}