{
  "user_query": "show me some course of AUtoCAD",
  "execution_results": {
    "coursera": {
      "collection": "Coursera",
      "query": {
        "$or": [
          {
            "Title": {
              "$regex": "\\bAutoCAD\\b",
              "$options": "i"
            }
          },
          {
            "Short Intro": {
              "$regex": "\\bAutoCAD\\b",
              "$options": "i"
            }
          },
          {
            "Skills": {
              "$regex": "\\bAutoCAD\\b",
              "$options": "i"
            }
          }
        ]
      },
      "match_count": 3,
      "used_fallback": false,
      "execution_error": null
    },
    "udacity": {
      "collection": "Udacity",
      "query": {
        "$and": [
          {
            "$or": [
              {
                "Title": {
                  "$regex": "\\bshow\\ some\\ autocad\\b",
                  "$options": "i"
                }
              },
              {
                "Short Intro": {
                  "$regex": "\\bshow\\ some\\ autocad\\b",
                  "$options": "i"
                }
              },
              {
                "What you learn": {
                  "$regex": "\\bshow\\ some\\ autocad\\b",
                  "$options": "i"
                }
              },
              {
                "Category": {
                  "$regex": "\\bshow\\ some\\ autocad\\b",
                  "$options": "i"
                }
              }
            ]
          }
        ]
      },
      "match_count": 0,
      "used_fallback": true,
      "execution_error": null
    },
    "futurelearn": {
      "collection": "FutureLearn",
      "query": {
        "$and": [
          {
            "$or": [
              {
                "Title": {
                  "$regex": "\\bshow\\ some\\ autocad\\b",
                  "$options": "i"
                }
              },
              {
                "Short Intro": {
                  "$regex": "\\bshow\\ some\\ autocad\\b",
                  "$options": "i"
                }
              },
              {
                "Category": {
                  "$regex": "\\bshow\\ some\\ autocad\\b",
                  "$options": "i"
                }
              },
              {
                "Sub-Category": {
                  "$regex": "\\bshow\\ some\\ autocad\\b",
                  "$options": "i"
                }
              }
            ]
          }
        ]
      },
      "match_count": 0,
      "used_fallback": true,
      "execution_error": null
    },
    "simplilearn": {
      "collection": "SimpliLearn",
      "query": {
        "$and": [
          {
            "$or": [
              {
                "Title": {
                  "$regex": "\\bshow\\ some\\ autocad\\b",
                  "$options": "i"
                }
              },
              {
                "Short Intro": {
                  "$regex": "\\bshow\\ some\\ autocad\\b",
                  "$options": "i"
                }
              },
              {
                "Skills": {
                  "$regex": "\\bshow\\ some\\ autocad\\b",
                  "$options": "i"
                }
              },
              {
                "Category": {
                  "$regex": "\\bshow\\ some\\ autocad\\b",
                  "$options": "i"
                }
              }
            ]
          }
        ]
      },
      "match_count": 0,
      "used_fallback": true,
      "execution_error": null
    }
  },
  "timestamp": "2025-08-26T23:08:13.796102"
}