{
  "user_query": "Show me all courses From Coursera related to Human Psychology",
  "execution_results": {
    "coursera": {
      "collection": "Coursera",
      "query": {
        "$or": [
          {
            "Short Intro": {
              "$regex": "\\bHuman Psychology\\b",
              "$options": "i"
            }
          },
          {
            "Title": {
              "$regex": "\\bHuman Psychology\\b",
              "$options": "i"
            }
          },
          {
            "Skills": {
              "$regex": "\\bHuman Psychology\\b",
              "$options": "i"
            }
          },
          {
            "Category": {
              "$regex": "\\bHuman Psychology\\b",
              "$options": "i"
            }
          },
          {
            "Sub-Category": {
              "$regex": "\\bHuman Psychology\\b",
              "$options": "i"
            }
          }
        ]
      },
      "match_count": 1,
      "used_fallback": false,
      "execution_error": null
    }
  },
  "timestamp": "2025-08-25T18:30:39.276817"
}