{
  "user_query": "Hi , Can you show me some course in Law from Coursera or Udacity platform",
  "execution_results": {
    "coursera": {
      "collection": "Coursera",
      "query": {
        "$or": [
          {
            "Category": {
              "$regex": "\\bLaw\\b",
              "$options": "i"
            }
          },
          {
            "Sub-Category": {
              "$regex": "\\bLaw\\b",
              "$options": "i"
            }
          }
        ]
      },
      "match_count": 20,
      "used_fallback": false,
      "execution_error": null
    },
    "udacity": {
      "collection": "Udacity",
      "query": {
        "$and": [
          {
            "$or": [
              {
                "Title": {
                  "$regex": "\\bcan\\ you\\ show\\ some\\ law\\ from\\ coursera\\ udacity\\ platform\\b",
                  "$options": "i"
                }
              },
              {
                "Short Intro": {
                  "$regex": "\\bcan\\ you\\ show\\ some\\ law\\ from\\ coursera\\ udacity\\ platform\\b",
                  "$options": "i"
                }
              },
              {
                "What you learn": {
                  "$regex": "\\bcan\\ you\\ show\\ some\\ law\\ from\\ coursera\\ udacity\\ platform\\b",
                  "$options": "i"
                }
              },
              {
                "Category": {
                  "$regex": "\\bcan\\ you\\ show\\ some\\ law\\ from\\ coursera\\ udacity\\ platform\\b",
                  "$options": "i"
                }
              }
            ]
          }
        ]
      },
      "match_count": 0,
      "used_fallback": true,
      "execution_error": null
    }
  },
  "timestamp": "2025-11-05T23:16:36.940382"
}