{
  "user_query": "Show me some course for Data Science from Udacity & SimpliLearn",
  "generated_queries": {
    "udacity": {
      "$or": [
        {
          "Main Category": {
            "$regex": "\\bData Science\\b",
            "$options": "i"
          }
        },
        {
          "Sub-Category": {
            "$regex": "\\bData Science\\b",
            "$options": "i"
          }
        },
        {
          "Brief Description": {
            "$regex": "\\bData Science\\b",
            "$options": "i"
          }
        }
      ]
    },
    "simplilearn": {
      "$or": [
        {
          "Main Category": {
            "$regex": "\\bData Science\\b",
            "$options": "i"
          }
        },
        {
          "Skills Covered": {
            "$regex": "\\bData Science\\b",
            "$options": "i"
          }
        },
        {
          "Brief Description": {
            "$regex": "\\bData Science\\b",
            "$options": "i"
          }
        }
      ]
    }
  },
  "timestamp": "2025-08-26T22:13:33.729140"
}