{
  "user_query": "Show me some course for Data Science from Udacity & SimpliLearn",
  "execution_results": {
    "udacity": {
      "collection": "Udacity",
      "query": {
        "$or": [
          {
            "Main Category": {
              "$regex": "\\bData Science\\b",
              "$options": "i"
            }
          },
          {
            "Sub-Category": {
              "$regex": "\\bData Science\\b",
              "$options": "i"
            }
          },
          {
            "Short Intro": {
              "$regex": "\\bData Science\\b",
              "$options": "i"
            }
          }
        ]
      },
      "match_count": 9,
      "used_fallback": false,
      "execution_error": null
    },
    "simplilearn": {
      "collection": "SimpliLearn",
      "query": {
        "$or": [
          {
            "Category": {
              "$regex": "\\bData Science\\b",
              "$options": "i"
            }
          },
          {
            "Skills": {
              "$regex": "\\bData Science\\b",
              "$options": "i"
            }
          },
          {
            "Short Intro": {
              "$regex": "\\bData Science\\b",
              "$options": "i"
            }
          }
        ]
      },
      "match_count": 9,
      "used_fallback": false,
      "execution_error": null
    }
  },
  "timestamp": "2025-08-26T22:13:33.730422"
}