{
  "user_query": "Hey show me Data Science courses from Coursera & Simplilearn",
  "generated_queries": {
    "coursera": {
      "$or": [
        {
          "Main Category": {
            "$regex": "\\bData Science\\b",
            "$options": "i"
          }
        },
        {
          "Sub-Category": {
            "$regex": "\\bData Science\\b",
            "$options": "i"
          }
        }
      ]
    },
    "simplilearn": {
      "$or": [
        {
          "Main Category": {
            "$regex": "\\bData Science\\b",
            "$options": "i"
          }
        },
        {
          "Skills Covered": {
            "$regex": "\\bData Science\\b",
            "$options": "i"
          }
        },
        {
          "Brief Description": {
            "$regex": "\\bData Science\\b",
            "$options": "i"
          }
        }
      ]
    }
  },
  "timestamp": "2025-08-25T20:12:46.143312"
}