{
  "user_query": "Show me courses based on GUitar ",
  "generated_queries": {
    "coursera": {
      "$or": [
        {
          "Course Title": {
            "$regex": "\\bGuitar\\b",
            "$options": "i"
          }
        },
        {
          "Brief Description": {
            "$regex": "\\bGuitar\\b",
            "$options": "i"
          }
        },
        {
          "Skills Covered": {
            "$regex": "\\bGuitar\\b",
            "$options": "i"
          }
        },
        {
          "Main Category": {
            "$regex": "\\bGuitar\\b",
            "$options": "i"
          }
        },
        {
          "Sub-Category": {
            "$regex": "\\bGuitar\\b",
            "$options": "i"
          }
        }
      ]
    },
    "udacity": {
      "$or": [
        {
          "Course Title": {
            "$regex": "\\bGuitar\\b",
            "$options": "i"
          }
        },
        {
          "Brief Description": {
            "$regex": "\\bGuitar\\b",
            "$options": "i"
          }
        }
      ]
    },
    "futurelearn": {
      "$or": [
        {
          "Course Title": {
            "$regex": "\\bGuitar\\b",
            "$options": "i"
          }
        },
        {
          "Brief Description": {
            "$regex": "\\bGuitar\\b",
            "$options": "i"
          }
        },
        {
          "Main Category": {
            "$regex": "\\bGuitar\\b",
            "$options": "i"
          }
        }
      ]
    },
    "simplilearn": {
      "$or": [
        {
          "Course Title": {
            "$regex": "\\bGuitar\\b",
            "$options": "i"
          }
        },
        {
          "Brief Description": {
            "$regex": "\\bGuitar\\b",
            "$options": "i"
          }
        },
        {
          "Skills Covered": {
            "$regex": "\\bGuitar\\b",
            "$options": "i"
          }
        },
        {
          "Main Category": {
            "$regex": "\\bGuitar\\b",
            "$options": "i"
          }
        }
      ]
    }
  },
  "timestamp": "2025-08-25T08:45:03.671592"
}