{
  "user_query": "Hey I have interest in Humanities , Can you suggest me some good course related to History of India & World History",
  "execution_results": {
    "coursera": {
      "collection": "Coursera",
      "query": {
        "$or": [
          {
            "Category": {
              "$regex": "\\bHumanities\\b",
              "$options": "i"
            }
          },
          {
            "Sub-Category": {
              "$regex": "\\bHumanities\\b",
              "$options": "i"
            }
          },
          {
            "Short Intro": {
              "$regex": "\\bHistory of India\\b",
              "$options": "i"
            }
          },
          {
            "Short Intro": {
              "$regex": "\\bWorld History\\b",
              "$options": "i"
            }
          },
          {
            "Title": {
              "$regex": "\\bHistory of India\\b",
              "$options": "i"
            }
          },
          {
            "Title": {
              "$regex": "\\bWorld History\\b",
              "$options": "i"
            }
          }
        ]
      },
      "match_count": 120,
      "used_fallback": false,
      "execution_error": null
    },
    "futurelearn": {
      "collection": "FutureLearn",
      "query": {
        "$and": [
          {
            "$or": [
              {
                "Title": {
                  "$regex": "\\bworld\\ history\\b",
                  "$options": "i"
                }
              },
              {
                "Short Intro": {
                  "$regex": "\\bworld\\ history\\b",
                  "$options": "i"
                }
              },
              {
                "Category": {
                  "$regex": "\\bworld\\ history\\b",
                  "$options": "i"
                }
              },
              {
                "Sub-Category": {
                  "$regex": "\\bworld\\ history\\b",
                  "$options": "i"
                }
              },
              {
                "Title": {
                  "$regex": "\\bhey\\ have\\ interest\\ humanities\\b",
                  "$options": "i"
                }
              },
              {
                "Short Intro": {
                  "$regex": "\\bhey\\ have\\ interest\\ humanities\\b",
                  "$options": "i"
                }
              },
              {
                "Category": {
                  "$regex": "\\bhey\\ have\\ interest\\ humanities\\b",
                  "$options": "i"
                }
              },
              {
                "Sub-Category": {
                  "$regex": "\\bhey\\ have\\ interest\\ humanities\\b",
                  "$options": "i"
                }
              },
              {
                "Title": {
                  "$regex": "\\bcan\\ you\\ suggest\\ some\\ good\\ related\\ history\\ india\\b",
                  "$options": "i"
                }
              },
              {
                "Short Intro": {
                  "$regex": "\\bcan\\ you\\ suggest\\ some\\ good\\ related\\ history\\ india\\b",
                  "$options": "i"
                }
              },
              {
                "Category": {
                  "$regex": "\\bcan\\ you\\ suggest\\ some\\ good\\ related\\ history\\ india\\b",
                  "$options": "i"
                }
              },
              {
                "Sub-Category": {
                  "$regex": "\\bcan\\ you\\ suggest\\ some\\ good\\ related\\ history\\ india\\b",
                  "$options": "i"
                }
              }
            ]
          }
        ]
      },
      "match_count": 0,
      "used_fallback": true,
      "execution_error": null
    },
    "simplilearn": {
      "collection": "SimpliLearn",
      "query": {
        "$and": [
          {
            "$or": [
              {
                "Title": {
                  "$regex": "\\bworld\\ history\\b",
                  "$options": "i"
                }
              },
              {
                "Short Intro": {
                  "$regex": "\\bworld\\ history\\b",
                  "$options": "i"
                }
              },
              {
                "Skills": {
                  "$regex": "\\bworld\\ history\\b",
                  "$options": "i"
                }
              },
              {
                "Category": {
                  "$regex": "\\bworld\\ history\\b",
                  "$options": "i"
                }
              },
              {
                "Title": {
                  "$regex": "\\bhey\\ have\\ interest\\ humanities\\b",
                  "$options": "i"
                }
              },
              {
                "Short Intro": {
                  "$regex": "\\bhey\\ have\\ interest\\ humanities\\b",
                  "$options": "i"
                }
              },
              {
                "Skills": {
                  "$regex": "\\bhey\\ have\\ interest\\ humanities\\b",
                  "$options": "i"
                }
              },
              {
                "Category": {
                  "$regex": "\\bhey\\ have\\ interest\\ humanities\\b",
                  "$options": "i"
                }
              },
              {
                "Title": {
                  "$regex": "\\bcan\\ you\\ suggest\\ some\\ good\\ related\\ history\\ india\\b",
                  "$options": "i"
                }
              },
              {
                "Short Intro": {
                  "$regex": "\\bcan\\ you\\ suggest\\ some\\ good\\ related\\ history\\ india\\b",
                  "$options": "i"
                }
              },
              {
                "Skills": {
                  "$regex": "\\bcan\\ you\\ suggest\\ some\\ good\\ related\\ history\\ india\\b",
                  "$options": "i"
                }
              },
              {
                "Category": {
                  "$regex": "\\bcan\\ you\\ suggest\\ some\\ good\\ related\\ history\\ india\\b",
                  "$options": "i"
                }
              }
            ]
          }
        ]
      },
      "match_count": 0,
      "used_fallback": true,
      "execution_error": null
    },
    "udacity": {
      "collection": "Udacity",
      "query": {
        "$and": [
          {
            "$or": [
              {
                "Title": {
                  "$regex": "\\bworld\\ history\\b",
                  "$options": "i"
                }
              },
              {
                "Short Intro": {
                  "$regex": "\\bworld\\ history\\b",
                  "$options": "i"
                }
              },
              {
                "What you learn": {
                  "$regex": "\\bworld\\ history\\b",
                  "$options": "i"
                }
              },
              {
                "Category": {
                  "$regex": "\\bworld\\ history\\b",
                  "$options": "i"
                }
              },
              {
                "Title": {
                  "$regex": "\\bhey\\ have\\ interest\\ humanities\\b",
                  "$options": "i"
                }
              },
              {
                "Short Intro": {
                  "$regex": "\\bhey\\ have\\ interest\\ humanities\\b",
                  "$options": "i"
                }
              },
              {
                "What you learn": {
                  "$regex": "\\bhey\\ have\\ interest\\ humanities\\b",
                  "$options": "i"
                }
              },
              {
                "Category": {
                  "$regex": "\\bhey\\ have\\ interest\\ humanities\\b",
                  "$options": "i"
                }
              },
              {
                "Title": {
                  "$regex": "\\bcan\\ you\\ suggest\\ some\\ good\\ related\\ history\\ india\\b",
                  "$options": "i"
                }
              },
              {
                "Short Intro": {
                  "$regex": "\\bcan\\ you\\ suggest\\ some\\ good\\ related\\ history\\ india\\b",
                  "$options": "i"
                }
              },
              {
                "What you learn": {
                  "$regex": "\\bcan\\ you\\ suggest\\ some\\ good\\ related\\ history\\ india\\b",
                  "$options": "i"
                }
              },
              {
                "Category": {
                  "$regex": "\\bcan\\ you\\ suggest\\ some\\ good\\ related\\ history\\ india\\b",
                  "$options": "i"
                }
              }
            ]
          }
        ]
      },
      "match_count": 0,
      "used_fallback": true,
      "execution_error": null
    }
  },
  "timestamp": "2025-08-26T05:51:21.219615"
}