{
  "user_query": "Can you show me some courses from Udacity related to Reinforcement Learning",
  "generated_queries": {
    "udacity": {
      "$or": [
        {
          "Brief Description": {
            "$regex": "\\bReinforcement Learning\\b",
            "$options": "i"
          }
        },
        {
          "Course Title": {
            "$regex": "\\bReinforcement Learning\\b",
            "$options": "i"
          }
        }
      ]
    }
  },
  "timestamp": "2025-08-27T18:02:37.668144"
}