{
  "user_query": "Can you show me some courses from Udacity related to Reinforcement Learning",
  "execution_results": {
    "udacity": {
      "collection": "Udacity",
      "query": {
        "$or": [
          {
            "Short Intro": {
              "$regex": "\\bReinforcement Learning\\b",
              "$options": "i"
            }
          },
          {
            "Title": {
              "$regex": "\\bReinforcement Learning\\b",
              "$options": "i"
            }
          }
        ]
      },
      "match_count": 3,
      "used_fallback": false,
      "execution_error": null
    }
  },
  "timestamp": "2025-08-27T18:02:37.670145"
}