{
  "timestamp": "2025-08-26T23:54:09.352209",
  "user_query": "show some course in Indian History",
  "debug_info": {
    "user_query": "show some course in Indian History",
    "llm_generated_queries": {
      "coursera": {
        "$or": [
          {
            "Main Category": {
              "$regex": "\\bIndian History\\b",
              "$options": "i"
            }
          },
          {
            "Sub-Category": {
              "$regex": "\\bIndian History\\b",
              "$options": "i"
            }
          },
          {
            "Brief Description": {
              "$regex": "\\bIndian History\\b",
              "$options": "i"
            }
          },
          {
            "Skills Covered": {
              "$regex": "\\bIndian History\\b",
              "$options": "i"
            }
          },
          {
            "Course Title": {
              "$regex": "\\bIndian History\\b",
              "$options": "i"
            }
          }
        ]
      },
      "futurelearn": {
        "$or": [
          {
            "Main Category": {
              "$regex": "\\bIndian History\\b",
              "$options": "i"
            }
          },
          {
            "Brief Description": {
              "$regex": "\\bIndian History\\b",
              "$options": "i"
            }
          },
          {
            "Course Title": {
              "$regex": "\\bIndian History\\b",
              "$options": "i"
            }
          }
        ]
      },
      "simplilearn": {
        "$or": [
          {
            "Main Category": {
              "$regex": "\\bIndian History\\b",
              "$options": "i"
            }
          },
          {
            "Brief Description": {
              "$regex": "\\bIndian History\\b",
              "$options": "i"
            }
          },
          {
            "Skills Covered": {
              "$regex": "\\bIndian History\\b",
              "$options": "i"
            }
          },
          {
            "Course Title": {
              "$regex": "\\bIndian History\\b",
              "$options": "i"
            }
          }
        ]
      },
      "udacity": {
        "$or": [
          {
            "Brief Description": {
              "$regex": "\\bIndian History\\b",
              "$options": "i"
            }
          },
          {
            "Course Title": {
              "$regex": "\\bIndian History\\b",
              "$options": "i"
            }
          }
        ]
      }
    },
    "execution_results": {
      "coursera": {
        "collection": "Coursera",
        "query": {
          "$and": [
            {
              "$or": [
                {
                  "Title": {
                    "$regex": "\\bshow\\ some\\ indian\\ history\\b",
                    "$options": "i"
                  }
                },
                {
                  "Short Intro": {
                    "$regex": "\\bshow\\ some\\ indian\\ history\\b",
                    "$options": "i"
                  }
                },
                {
                  "Skills": {
                    "$regex": "\\bshow\\ some\\ indian\\ history\\b",
                    "$options": "i"
                  }
                },
                {
                  "Category": {
                    "$regex": "\\bshow\\ some\\ indian\\ history\\b",
                    "$options": "i"
                  }
                },
                {
                  "Sub-Category": {
                    "$regex": "\\bshow\\ some\\ indian\\ history\\b",
                    "$options": "i"
                  }
                }
              ]
            }
          ]
        },
        "match_count": 0,
        "used_fallback": true,
        "execution_error": null
      },
      "futurelearn": {
        "collection": "FutureLearn",
        "query": {
          "$and": [
            {
              "$or": [
                {
                  "Title": {
                    "$regex": "\\bshow\\ some\\ indian\\ history\\b",
                    "$options": "i"
                  }
                },
                {
                  "Short Intro": {
                    "$regex": "\\bshow\\ some\\ indian\\ history\\b",
                    "$options": "i"
                  }
                },
                {
                  "Category": {
                    "$regex": "\\bshow\\ some\\ indian\\ history\\b",
                    "$options": "i"
                  }
                },
                {
                  "Sub-Category": {
                    "$regex": "\\bshow\\ some\\ indian\\ history\\b",
                    "$options": "i"
                  }
                }
              ]
            }
          ]
        },
        "match_count": 0,
        "used_fallback": true,
        "execution_error": null
      },
      "simplilearn": {
        "collection": "SimpliLearn",
        "query": {
          "$and": [
            {
              "$or": [
                {
                  "Title": {
                    "$regex": "\\bshow\\ some\\ indian\\ history\\b",
                    "$options": "i"
                  }
                },
                {
                  "Short Intro": {
                    "$regex": "\\bshow\\ some\\ indian\\ history\\b",
                    "$options": "i"
                  }
                },
                {
                  "Skills": {
                    "$regex": "\\bshow\\ some\\ indian\\ history\\b",
                    "$options": "i"
                  }
                },
                {
                  "Category": {
                    "$regex": "\\bshow\\ some\\ indian\\ history\\b",
                    "$options": "i"
                  }
                }
              ]
            }
          ]
        },
        "match_count": 0,
        "used_fallback": true,
        "execution_error": null
      },
      "udacity": {
        "collection": "Udacity",
        "query": {
          "$and": [
            {
              "$or": [
                {
                  "Title": {
                    "$regex": "\\bshow\\ some\\ indian\\ history\\b",
                    "$options": "i"
                  }
                },
                {
                  "Short Intro": {
                    "$regex": "\\bshow\\ some\\ indian\\ history\\b",
                    "$options": "i"
                  }
                },
                {
                  "What you learn": {
                    "$regex": "\\bshow\\ some\\ indian\\ history\\b",
                    "$options": "i"
                  }
                },
                {
                  "Category": {
                    "$regex": "\\bshow\\ some\\ indian\\ history\\b",
                    "$options": "i"
                  }
                }
              ]
            }
          ]
        },
        "match_count": 0,
        "used_fallback": true,
        "execution_error": null
      }
    }
  },
  "all_results": []
}