{
  "user_query": "show some course in Indian History",
  "execution_results": {
    "coursera": {
      "collection": "Coursera",
      "query": {
        "$and": [
          {
            "$or": [
              {
                "Title": {
                  "$regex": "\\bshow\\ some\\ indian\\ history\\b",
                  "$options": "i"
                }
              },
              {
                "Short Intro": {
                  "$regex": "\\bshow\\ some\\ indian\\ history\\b",
                  "$options": "i"
                }
              },
              {
                "Skills": {
                  "$regex": "\\bshow\\ some\\ indian\\ history\\b",
                  "$options": "i"
                }
              },
              {
                "Category": {
                  "$regex": "\\bshow\\ some\\ indian\\ history\\b",
                  "$options": "i"
                }
              },
              {
                "Sub-Category": {
                  "$regex": "\\bshow\\ some\\ indian\\ history\\b",
                  "$options": "i"
                }
              }
            ]
          }
        ]
      },
      "match_count": 0,
      "used_fallback": true,
      "execution_error": null
    },
    "futurelearn": {
      "collection": "FutureLearn",
      "query": {
        "$and": [
          {
            "$or": [
              {
                "Title": {
                  "$regex": "\\bshow\\ some\\ indian\\ history\\b",
                  "$options": "i"
                }
              },
              {
                "Short Intro": {
                  "$regex": "\\bshow\\ some\\ indian\\ history\\b",
                  "$options": "i"
                }
              },
              {
                "Category": {
                  "$regex": "\\bshow\\ some\\ indian\\ history\\b",
                  "$options": "i"
                }
              },
              {
                "Sub-Category": {
                  "$regex": "\\bshow\\ some\\ indian\\ history\\b",
                  "$options": "i"
                }
              }
            ]
          }
        ]
      },
      "match_count": 0,
      "used_fallback": true,
      "execution_error": null
    },
    "simplilearn": {
      "collection": "SimpliLearn",
      "query": {
        "$and": [
          {
            "$or": [
              {
                "Title": {
                  "$regex": "\\bshow\\ some\\ indian\\ history\\b",
                  "$options": "i"
                }
              },
              {
                "Short Intro": {
                  "$regex": "\\bshow\\ some\\ indian\\ history\\b",
                  "$options": "i"
                }
              },
              {
                "Skills": {
                  "$regex": "\\bshow\\ some\\ indian\\ history\\b",
                  "$options": "i"
                }
              },
              {
                "Category": {
                  "$regex": "\\bshow\\ some\\ indian\\ history\\b",
                  "$options": "i"
                }
              }
            ]
          }
        ]
      },
      "match_count": 0,
      "used_fallback": true,
      "execution_error": null
    },
    "udacity": {
      "collection": "Udacity",
      "query": {
        "$and": [
          {
            "$or": [
              {
                "Title": {
                  "$regex": "\\bshow\\ some\\ indian\\ history\\b",
                  "$options": "i"
                }
              },
              {
                "Short Intro": {
                  "$regex": "\\bshow\\ some\\ indian\\ history\\b",
                  "$options": "i"
                }
              },
              {
                "What you learn": {
                  "$regex": "\\bshow\\ some\\ indian\\ history\\b",
                  "$options": "i"
                }
              },
              {
                "Category": {
                  "$regex": "\\bshow\\ some\\ indian\\ history\\b",
                  "$options": "i"
                }
              }
            ]
          }
        ]
      },
      "match_count": 0,
      "used_fallback": true,
      "execution_error": null
    }
  },
  "timestamp": "2025-08-26T23:54:09.350730"
}