{
  "user_query": "Hey , SHow me some Course based on Deep Learning from Coursera",
  "execution_results": {
    "coursera": {
      "collection": "Coursera",
      "query": {
        "$or": [
          {
            "Short Intro": {
              "$regex": "\\bDeep Learning\\b",
              "$options": "i"
            }
          },
          {
            "Skills": {
              "$regex": "\\bDeep Learning\\b",
              "$options": "i"
            }
          },
          {
            "Title": {
              "$regex": "\\bDeep Learning\\b",
              "$options": "i"
            }
          }
        ]
      },
      "match_count": 61,
      "used_fallback": false,
      "execution_error": null
    }
  },
  "timestamp": "2025-08-25T19:08:37.950936"
}