{
  "user_query": "SHow me some course based on Guitar and Guitar Lessons",
  "execution_results": {
    "coursera": {
      "collection": "Coursera",
      "query": {
        "$or": [
          {
            "Title": {
              "$regex": "\\bGuitar\\b",
              "$options": "i"
            }
          },
          {
            "Title": {
              "$regex": "\\bGuitar Lessons\\b",
              "$options": "i"
            }
          },
          {
            "Short Intro": {
              "$regex": "\\bGuitar\\b",
              "$options": "i"
            }
          },
          {
            "Short Intro": {
              "$regex": "\\bGuitar Lessons\\b",
              "$options": "i"
            }
          },
          {
            "Skills": {
              "$regex": "\\bGuitar\\b",
              "$options": "i"
            }
          },
          {
            "Skills": {
              "$regex": "\\bGuitar Lessons\\b",
              "$options": "i"
            }
          }
        ]
      },
      "match_count": 7,
      "used_fallback": false,
      "execution_error": null
    },
    "futurelearn": {
      "collection": "FutureLearn",
      "query": {
        "$and": [
          {
            "$or": [
              {
                "Title": {
                  "$regex": "\\bshow\\ some\\ based\\ guitar\\ and\\ guitar\\ lessons\\b",
                  "$options": "i"
                }
              },
              {
                "Short Intro": {
                  "$regex": "\\bshow\\ some\\ based\\ guitar\\ and\\ guitar\\ lessons\\b",
                  "$options": "i"
                }
              },
              {
                "Category": {
                  "$regex": "\\bshow\\ some\\ based\\ guitar\\ and\\ guitar\\ lessons\\b",
                  "$options": "i"
                }
              },
              {
                "Sub-Category": {
                  "$regex": "\\bshow\\ some\\ based\\ guitar\\ and\\ guitar\\ lessons\\b",
                  "$options": "i"
                }
              }
            ]
          }
        ]
      },
      "match_count": 0,
      "used_fallback": true,
      "execution_error": null
    },
    "simplilearn": {
      "collection": "SimpliLearn",
      "query": {
        "$and": [
          {
            "$or": [
              {
                "Title": {
                  "$regex": "\\bshow\\ some\\ based\\ guitar\\ and\\ guitar\\ lessons\\b",
                  "$options": "i"
                }
              },
              {
                "Short Intro": {
                  "$regex": "\\bshow\\ some\\ based\\ guitar\\ and\\ guitar\\ lessons\\b",
                  "$options": "i"
                }
              },
              {
                "Skills": {
                  "$regex": "\\bshow\\ some\\ based\\ guitar\\ and\\ guitar\\ lessons\\b",
                  "$options": "i"
                }
              },
              {
                "Category": {
                  "$regex": "\\bshow\\ some\\ based\\ guitar\\ and\\ guitar\\ lessons\\b",
                  "$options": "i"
                }
              }
            ]
          }
        ]
      },
      "match_count": 0,
      "used_fallback": true,
      "execution_error": null
    },
    "udacity": {
      "collection": "Udacity",
      "query": {
        "$and": [
          {
            "$or": [
              {
                "Title": {
                  "$regex": "\\bshow\\ some\\ based\\ guitar\\ and\\ guitar\\ lessons\\b",
                  "$options": "i"
                }
              },
              {
                "Short Intro": {
                  "$regex": "\\bshow\\ some\\ based\\ guitar\\ and\\ guitar\\ lessons\\b",
                  "$options": "i"
                }
              },
              {
                "What you learn": {
                  "$regex": "\\bshow\\ some\\ based\\ guitar\\ and\\ guitar\\ lessons\\b",
                  "$options": "i"
                }
              },
              {
                "Category": {
                  "$regex": "\\bshow\\ some\\ based\\ guitar\\ and\\ guitar\\ lessons\\b",
                  "$options": "i"
                }
              }
            ]
          }
        ]
      },
      "match_count": 0,
      "used_fallback": true,
      "execution_error": null
    }
  },
  "timestamp": "2025-08-25T20:37:48.295063"
}