{
  "timestamp": "2025-08-28T21:53:28.753227",
  "user_query": "Show me some NLP course from Udacity & SimpliLearn Platform",
  "debug_info": {
    "user_query": "Show me some NLP course from Udacity & SimpliLearn Platform",
    "llm_generated_queries": {
      "udacity": {
        "$or": [
          {
            "Brief Description": {
              "$regex": "\\bNLP\\b|\\bNatural Language Processing\\b",
              "$options": "i"
            }
          },
          {
            "Course Title": {
              "$regex": "\\bNLP\\b|\\bNatural Language Processing\\b",
              "$options": "i"
            }
          }
        ]
      },
      "simplilearn": {
        "$or": [
          {
            "Brief Description": {
              "$regex": "\\bNLP\\b|\\bNatural Language Processing\\b",
              "$options": "i"
            }
          },
          {
            "Skills Covered": {
              "$regex": "\\bNLP\\b|\\bNatural Language Processing\\b",
              "$options": "i"
            }
          },
          {
            "Course Title": {
              "$regex": "\\bNLP\\b|\\bNatural Language Processing\\b",
              "$options": "i"
            }
          }
        ]
      }
    },
    "execution_results": {
      "udacity": {
        "collection": "Udacity",
        "query": {
          "$or": [
            {
              "Short Intro": {
                "$regex": "\\bNLP\\b|\\bNatural Language Processing\\b",
                "$options": "i"
              }
            },
            {
              "Title": {
                "$regex": "\\bNLP\\b|\\bNatural Language Processing\\b",
                "$options": "i"
              }
            }
          ]
        },
        "match_count": 2,
        "used_fallback": false,
        "execution_error": null
      },
      "simplilearn": {
        "collection": "SimpliLearn",
        "query": {
          "$or": [
            {
              "Short Intro": {
                "$regex": "\\bNLP\\b|\\bNatural Language Processing\\b",
                "$options": "i"
              }
            },
            {
              "Skills": {
                "$regex": "\\bNLP\\b|\\bNatural Language Processing\\b",
                "$options": "i"
              }
            },
            {
              "Title": {
                "$regex": "\\bNLP\\b|\\bNatural Language Processing\\b",
                "$options": "i"
              }
            }
          ]
        },
        "match_count": 1,
        "used_fallback": false,
        "execution_error": null
      }
    }
  },
  "all_results": [
    {
      "provider": "udacity",
      "original_data": {
        "_id": "68ac0cf969e0bdd621a8d917",
        "Title": "Become a Natural Language Processing Expert",
        "URL": "https://www.udacity.com/course/natural-language-processing-nanodegree--nd892",
        "Short Intro": "Master the skills to get computers to understand, process, and manipulate human language. Build models on real data, and get hands-on experience with sentiment analysis, machine translation, and more.",
        "Duration": "3 Months to complete",
        "Site": "Udacity",
        "Program Type": "Nanodegree Program",
        "Courses": "Master Natural Language Processing",
        "Prequisites": "This program requires experience with Python, statistics, machine learning, and deep learning.",
        "What you learn": "Learn cutting-edge natural language processing techniques to process speech and analyze text. Build probabilistic and deep learning models, such as hidden Markov models and recurrent neural networks, to teach the computer to do tasks such as speech recognition, machine translation, and more!"
      },
      "unified_data": {
        "title": "Become a Natural Language Processing Expert",
        "url": "https://www.udacity.com/course/natural-language-processing-nanodegree--nd892",
        "description": "Master the skills to get computers to understand, process, and manipulate human language. Build models on real data, and get hands-on experience with sentiment analysis, machine translation, and more.",
        "category": "Natural Language Processing",
        "language": "English",
        "skills": [
          "Natural Language Processing (NLP)",
          "Sentiment Analysis",
          "Machine Translation",
          "Deep Learning",
          "Speech Recognition",
          "Text Analysis",
          "Hidden Markov Models",
          "Recurrent Neural Networks"
        ],
        "instructors": [],
        "duration": "3 Months to complete",
        "site": "Udacity",
        "level": "Advanced",
        "viewers": 5000,
        "prerequisites": [
          "This program requires experience with Python, statistics, machine learning, and deep learning"
        ],
        "learning_outcomes": [
          "Learn cutting-edge natural language processing techniques to process speech and analyze text",
          "Build probabilistic and deep learning models, such as hidden Markov models and recurrent neural networks, to teach the computer to do tasks such as speech recognition, machine translation, and more"
        ],
        "price": "Paid",
        "provider": "Udacity"
      }
    },
    {
      "provider": "udacity",
      "original_data": {
        "_id": "68ac0cf969e0bdd621a8d955",
        "Title": "Data Engineering for Data Scientists",
        "URL": "https://www.udacity.com/course/data-engineering-for-data-scientists--cd0018",
        "Short Intro": "Learn how to wrangle data on a massive scale! By the end of this course, you’ll be able to pull data from a wide range of sources, store it in a database, and create data pipelines (ETL, NLP, machine learning) that power real-world web applications.",
        "Duration": "1 month to complete",
        "Site": "Udacity",
        "Program Type": "Course",
        "Courses": "Data Engineering for Data Scientists",
        "Prequisites": "Python, SQL, Statistics, Machine Learning.",
        "What you learn": "For many companies, data scientists who can also tackle data-engineering problems are worth their weight in gold. In this course, you’ll learn how to unlock data silos, pulling data from multiple sources and pipelining it into usable forms for analysts and top-level decision makers. At the end, you’ll even build an impressive machine-learning-powered web application that has real-world, life-saving significance."
      },
      "unified_data": {
        "title": "Data Engineering for Data Scientists",
        "url": "https://www.udacity.com/course/data-engineering-for-data-scientists--cd0018",
        "description": "Learn how to wrangle data on a massive scale! By the end of this course, you’ll be able to pull data from a wide range of sources, store it in a database, and create data pipelines (ETL, NLP, machine learning) that power real-world web applications.",
        "category": "Data Engineering",
        "language": "English",
        "skills": [
          "Data Pipelines",
          "ETL",
          "Databases",
          "SQL",
          "Python",
          "NLP",
          "Machine Learning",
          "Data Wrangling"
        ],
        "instructors": [],
        "duration": "1 month to complete",
        "site": "Udacity",
        "level": "Intermediate",
        "viewers": 5000,
        "prerequisites": [
          "Python, SQL, Statistics, Machine Learning"
        ],
        "learning_outcomes": [
          "For many companies, data scientists who can also tackle data-engineering problems are worth their weight in gold",
          "In this course, you’ll learn how to unlock data silos, pulling data from multiple sources and pipelining it into usable forms for analysts and top-level decision makers",
          "At the end, you’ll even build an impressive machine-learning-powered web application that has real-world, life-saving significance"
        ],
        "price": "Paid",
        "provider": "Udacity"
      }
    },
    {
      "provider": "simplilearn",
      "original_data": {
        "_id": "68ac04f569e0bdd621a8d7e8",
        "Title": "Artificial Intelligence Engineer",
        "URL": "https://www.simplilearn.com/search?item_type=course%2Cbundle%2Ccohort_master%2Cuniversity_master&tag=Artificial%20Intelligence%20Engineer",
        "Short Intro": "Accelerate your career with this Master's in Artificial Intelligence in conjunction with IBM. This program includes industry-relevant courses, such as Data Science with Python, Machine Learning, Deep Learning, NLP, and Chat GPT and also features hackathons and AMA sessions hosted by IBM. Get job-ready in the AI domain with Capstone projects, practical labs, live sessions, and hands-on projects.",
        "Category": "Simplilearn",
        "Course Type": "Ranked #1 Masters in Artificial Intelligence Program by Career Karma",
        "Language": " Career Karma",
        "Subtitle Languages": "Masters Program",
        "Instructors": "AI & Machine Learning"
      },
      "unified_data": {
        "title": "Artificial Intelligence Engineer",
        "url": "https://www.simplilearn.com/search?item_type=course%2Cbundle%2Ccohort_master%2Cuniversity_master&tag=Artificial%20Intelligence%20Engineer",
        "description": "Accelerate your career with this Master's in Artificial Intelligence in conjunction with IBM. This program includes industry-relevant courses, such as Data Science with Python, Machine Learning, Deep Learning, NLP, and Chat GPT and also features hackathons and AMA sessions hosted by IBM. Get job-ready in the AI domain with Capstone projects, practical labs, live sessions, and hands-on projects.",
        "category": "Simplilearn",
        "language": " Career Karma",
        "skills": [
          "Data Science",
          "Python",
          "Machine Learning",
          "Deep Learning",
          "NLP",
          "Chat GPT",
          "AI"
        ],
        "instructors": [
          "AI & Machine Learning"
        ],
        "duration": "Varies (Master's Program)",
        "site": "Simplilearn",
        "level": "Ranked #1 Masters in Artificial Intelligence Program by Career Karma",
        "viewers": "1000+",
        "prerequisites": [
          "Bachelor's degree in a related field (e.g., Computer Science, Engineering, Mathematics)",
          "Basic programming knowledge (e.g., Python)",
          "Understanding of fundamental mathematical concepts (e.g., Linear Algebra, Calculus, Statistics)"
        ],
        "learning_outcomes": "Gain expertise in Data Science, Machine Learning, Deep Learning, and NLP. Develop AI solutions using Python and industry-relevant tools. Participate in hackathons, capstone projects and AMA sessions hosted by IBM.",
        "price": "Varies (Contact Simplilearn for details)",
        "provider": "Simplilearn"
      }
    }
  ]
}