{
  "user_query": "hey please show me some ALgorithm courses from Udacity or SImpliLearn platform",
  "generated_queries": {
    "udacity": {
      "$or": [
        {
          "Course Title": {
            "$regex": "\\bAlgorithm\\b",
            "$options": "i"
          }
        },
        {
          "Brief Description": {
            "$regex": "\\bAlgorithm\\b",
            "$options": "i"
          }
        }
      ]
    },
    "simplilearn": {
      "$or": [
        {
          "Course Title": {
            "$regex": "\\bAlgorithm\\b",
            "$options": "i"
          }
        },
        {
          "Brief Description": {
            "$regex": "\\bAlgorithm\\b",
            "$options": "i"
          }
        },
        {
          "Skills Covered": {
            "$regex": "\\bAlgorithm\\b",
            "$options": "i"
          }
        }
      ]
    }
  },
  "timestamp": "2025-08-27T21:44:09.872067"
}