{
  "user_query": "SHow me Python courses from Udacity",
  "execution_results": {
    "udacity": {
      "collection": "Udacity",
      "query": {
        "$or": [
          {
            "Title": {
              "$regex": "\\bPython\\b",
              "$options": "i"
            }
          },
          {
            "Short Intro": {
              "$regex": "\\bPython\\b",
              "$options": "i"
            }
          }
        ]
      },
      "match_count": 13,
      "used_fallback": false,
      "execution_error": null
    }
  },
  "timestamp": "2025-08-27T23:28:06.715151"
}