[
  {
    "title": "European Business Law  Specialization",
    "url": "https://www.coursera.org/specializations/european-business-law",
    "description": "Launch your career in Europe. Master the essentials in European Business Law.",
    "category": "Social Sciences",
    "language": "English",
    "skills": [
      "Compete on the Internal Market",
      "Legal Research",
      "Law",
      "Business Law",
      "Foreign Policy"
    ],
    "instructors": [
      "Hans Henrik Lidgard",
      "Xavier Groussot",
      "Julian Nowag",
      "Anna Wiberg",
      "Eduardo Gill Pedro",
      "Angelica Ericsson",
      "Magnus Schmauch",
      "Annegret Engel",
      "Mia Rönnmar",
      "Cécile Brokelind",
      "Sanja Bogojevic",
      "Michael Bogdan",
      "Niklas Arvidsson",
      "Jörgen Hettne",
      "Justin Pierce",
      "Ulf Maunsbach"
    ],
    "duration": "Approximately 5 months to complete",
    "site": "Coursera",
    "level": "Specialization",
    "viewers": 279,
    "prerequisites": "Basic understanding of business principles and legal concepts is recommended.",
    "learning_outcomes": "Master the core principles of European Business Law and gain practical skills to navigate the European legal landscape, launching or advancing a career in Europe.",
    "price": "Coursera Plus subscription or individual course fees apply.",
    "provider": "Coursera",
    "original_provider_id": "68aa13e9b82e4c2125466146",
    "source_provider": "coursera"
  },
  {
    "title": "Corporate & Commercial Law I: Contracts & Employment Law",
    "url": "https://www.coursera.org/learn/corporate-commercial-law-part1",
    "description": "This class deals with the business law topics that appear on the CPA exam: Agency, Contracts, Debtor-Creditor Relationships, Government Regulation of Business, and Business Organizations. Students will gain an understanding of how these areas of the law affect businesses and their operations, with an eye on preparation for the business law portions of the REG section of the CPA exam. By the end of the class, students will be able to identify the legal principles that govern various business situations and apply those principles to an issue to determine the outcome when the law is applied to the facts of a scenario.",
    "category": "Business",
    "language": "English",
    "skills": [
      "Agency Law",
      "Contract Law",
      "Debtor-Creditor Relationships",
      "Business Law",
      "Government Regulation of Business",
      "Business Organizations",
      "Legal Principles",
      "CPA Exam Preparation"
    ],
    "instructors": [
      "Professor Michael R Fricke"
    ],
    "duration": "Approx. 23 hours to complete",
    "site": "Coursera",
    "level": "Course",
    "viewers": 1081,
    "prerequisites": [
      "Basic understanding of business principles",
      "Familiarity with legal terminology (recommended)"
    ],
    "learning_outcomes": "Identify legal principles governing business situations and apply them to determine outcomes. Understand how areas of law such as agency, contracts, and business organizations affect businesses. Prepare for the business law portion of the CPA exam.",
    "price": "Free to audit, paid certificate available",
    "provider": "Coursera",
    "original_provider_id": "68aa13e9b82e4c212546622e",
    "source_provider": "coursera"
  },
  {
    "title": "European Business Law: Competing in Europe",
    "url": "https://www.coursera.org/learn/eu-competition-law?specialization=european-business-law",
    "description": "About this Course",
    "category": "Business",
    "language": "English",
    "skills": [
      "European Union Law",
      "Competition Law",
      "Business Strategy",
      "Regulatory Compliance",
      "Legal Analysis"
    ],
    "instructors": [
      "Hans Henrik Lidgard"
    ],
    "duration": "Approx. 15 hours to complete",
    "site": "Coursera",
    "level": "Course",
    "viewers": 274,
    "prerequisites": [
      "Basic understanding of business principles",
      "Interest in European affairs",
      "Familiarity with legal concepts (helpful but not required)"
    ],
    "learning_outcomes": "Understand EU competition law, including antitrust and merger control. Learn how these laws impact businesses operating in Europe. Develop skills to navigate the European regulatory landscape and make informed strategic decisions.",
    "price": "Free to audit. Paid for certificate.",
    "provider": "Coursera",
    "original_provider_id": "68aa13e9b82e4c2125466447",
    "source_provider": "coursera"
  },
  {
    "title": "European Business Law: Understanding the Fundamentals",
    "url": "https://www.coursera.org/learn/european-law-fundamentals?specialization=european-business-law",
    "description": "The European Union is one of the world’s largest and most important economies. This six week course is the first in a series of three that will provide students with an insight into European Business Law. The series ranges from considering the basic structures and principles of the European Union to focusing on various specialized areas of law. Each course will give the students an understanding of the laws and policies that regulate the internal market of European Union, as well as relevant case law and useful inputs from leading practitioners in the field. ",
    "category": "Business",
    "language": "English",
    "skills": [
      "Foreign Policy",
      "Law",
      "Legal Research",
      "Business Law"
    ],
    "instructors": [
      "Hans Henrik Lidgard"
    ],
    "duration": "Approx. 13 hours to complete",
    "site": "Coursera",
    "level": "Course",
    "viewers": 1228,
    "prerequisites": "No prior formal legal training is strictly required, but a general interest in economics, business, or political science is beneficial.",
    "learning_outcomes": "Understand the basic structures and principles of the European Union's legal framework, the laws and policies regulating the internal market, and relevant case law with practical insights from legal professionals.",
    "price": "Coursera offers courses through a subscription model, or individual purchase. Price may vary.",
    "provider": "Coursera",
    "original_provider_id": "68aa13e9b82e4c21254664fa",
    "source_provider": "coursera"
  },
  {
    "title": "European Business Law: Doing Business in Europe",
    "url": "https://www.coursera.org/learn/eu-law-doing-business?specialization=european-business-law",
    "description": "This six-week course titled Doing Business in Europe is the second in a series of three exploring some of the main business aspects of European Union law. Besides providing learners with a sound knowledge base of European laws and regulations relevant to establishing and managing a company within the European Union, the course also explores business considerations within a broader perspective by including inputs from leading law practitioners in the field. More specifically, the course discusses strategic and financial considerations within Company law, as well as Labour law issues such as restructuring enterprises, working conditions and handling crises situations. The course also examines other legal areas such as Tax law, Environmental law and Private International law, and how they tie in to doing business in Europe.",
    "category": "Business",
    "language": "English",
    "skills": [
      "European Union Law",
      "Company Law",
      "Labour Law",
      "Tax Law",
      "Environmental Law",
      "Private International Law",
      "Business Strategy",
      "Financial Management"
    ],
    "instructors": [
      "Julian Nowag"
    ],
    "duration": "Approx. 14 hours to complete",
    "site": "Coursera",
    "level": "Course",
    "viewers": 505,
    "prerequisites": [
      "Basic understanding of business principles",
      "Interest in European Union affairs",
      "Familiarity with legal concepts (optional)"
    ],
    "learning_outcomes": "Gain knowledge of European laws and regulations for establishing and managing a company in the EU. Understand strategic and financial aspects of company law, labor law, tax law, environmental law, and private international law.",
    "price": "Paid",
    "provider": "Coursera",
    "original_provider_id": "68aa13e9b82e4c2125466ad7",
    "source_provider": "coursera"
  },
  {
    "title": "European Business Law Specialization",
    "url": "https://www.coursera.org/specializations/european-business-law",
    "description": "The European Union is one of the world's largest and most important economies. This specialization is a 3-course bundle that will teach learners the fundamentals of European Business Law.",
    "category": "Law",
    "language": "English",
    "skills": [
      "Regulation and Legal Compliance",
      "Legal Research",
      "Business",
      "Intellectual Property",
      "Tax Laws",
      "Competitive Analysis",
      "International Relations",
      "European History",
      "Labor Law",
      "Legal",
      "Writing",
      "Case Law",
      "Legal Strategy"
    ],
    "instructors": [
      "Vijay Kumar",
      "CJ Taylor",
      "Daniel E. Koditschek",
      "Kostas Daniilidis",
      "Jianbo Shi",
      "Daniel Lee",
      "Sid Deliwala"
    ],
    "duration": "Approximately 2 months to complete",
    "site": "Coursera",
    "level": "Beginner",
    "viewers": 7667,
    "prerequisites": "Basic understanding of business principles or legal concepts is helpful but not required.",
    "learning_outcomes": "Understand the fundamentals of European Business Law, including regulations, compliance, and legal strategies within the European Union's economic framework.",
    "price": "Coursera offers this Specialization as part of a subscription or individual course purchase. Please refer to the Coursera website for current pricing.",
    "provider": "Coursera",
    "original_provider_id": "68ab78d33eb917f23db49180",
    "source_provider": "coursera"
  }
]