{
  "user_query": "Find some courses from SimpliLearn , Coursera or Udacity based on Buisness Law",
  "execution_results": {
    "simplilearn": {
      "collection": "SimpliLearn",
      "query": {
        "$and": [
          {
            "$or": [
              {
                "Title": {
                  "$regex": "\\bcoursera\\ udacity\\ based\\ buisness\\ law\\b",
                  "$options": "i"
                }
              },
              {
                "Short Intro": {
                  "$regex": "\\bcoursera\\ udacity\\ based\\ buisness\\ law\\b",
                  "$options": "i"
                }
              },
              {
                "Skills": {
                  "$regex": "\\bcoursera\\ udacity\\ based\\ buisness\\ law\\b",
                  "$options": "i"
                }
              },
              {
                "Category": {
                  "$regex": "\\bcoursera\\ udacity\\ based\\ buisness\\ law\\b",
                  "$options": "i"
                }
              },
              {
                "Title": {
                  "$regex": "\\bfind\\ some\\ from\\ simplilearn\\b",
                  "$options": "i"
                }
              },
              {
                "Short Intro": {
                  "$regex": "\\bfind\\ some\\ from\\ simplilearn\\b",
                  "$options": "i"
                }
              },
              {
                "Skills": {
                  "$regex": "\\bfind\\ some\\ from\\ simplilearn\\b",
                  "$options": "i"
                }
              },
              {
                "Category": {
                  "$regex": "\\bfind\\ some\\ from\\ simplilearn\\b",
                  "$options": "i"
                }
              }
            ]
          }
        ]
      },
      "match_count": 0,
      "used_fallback": true,
      "execution_error": null
    },
    "coursera": {
      "collection": "Coursera",
      "query": {
        "$or": [
          {
            "Category": {
              "$regex": "\\bBusiness Law\\b",
              "$options": "i"
            }
          },
          {
            "Sub-Category": {
              "$regex": "\\bBusiness Law\\b",
              "$options": "i"
            }
          },
          {
            "Short Intro": {
              "$regex": "\\bBusiness Law\\b",
              "$options": "i"
            }
          },
          {
            "Title": {
              "$regex": "\\bBusiness Law\\b",
              "$options": "i"
            }
          },
          {
            "Skills": {
              "$regex": "\\bBusiness Law\\b",
              "$options": "i"
            }
          }
        ]
      },
      "match_count": 6,
      "used_fallback": false,
      "execution_error": null
    },
    "udacity": {
      "collection": "Udacity",
      "query": {
        "$and": [
          {
            "$or": [
              {
                "Title": {
                  "$regex": "\\bcoursera\\ udacity\\ based\\ buisness\\ law\\b",
                  "$options": "i"
                }
              },
              {
                "Short Intro": {
                  "$regex": "\\bcoursera\\ udacity\\ based\\ buisness\\ law\\b",
                  "$options": "i"
                }
              },
              {
                "What you learn": {
                  "$regex": "\\bcoursera\\ udacity\\ based\\ buisness\\ law\\b",
                  "$options": "i"
                }
              },
              {
                "Category": {
                  "$regex": "\\bcoursera\\ udacity\\ based\\ buisness\\ law\\b",
                  "$options": "i"
                }
              },
              {
                "Title": {
                  "$regex": "\\bfind\\ some\\ from\\ simplilearn\\b",
                  "$options": "i"
                }
              },
              {
                "Short Intro": {
                  "$regex": "\\bfind\\ some\\ from\\ simplilearn\\b",
                  "$options": "i"
                }
              },
              {
                "What you learn": {
                  "$regex": "\\bfind\\ some\\ from\\ simplilearn\\b",
                  "$options": "i"
                }
              },
              {
                "Category": {
                  "$regex": "\\bfind\\ some\\ from\\ simplilearn\\b",
                  "$options": "i"
                }
              }
            ]
          }
        ]
      },
      "match_count": 0,
      "used_fallback": true,
      "execution_error": null
    }
  },
  "timestamp": "2025-08-25T20:40:02.608570"
}